{
    "R2": 0.9976310631719606,
    "RMSE": 0.5658031642533087,
    "MSE": 0.32013322067905664,
    "MAPE": 0.3114980250685188,
    "ACMAPE": 1.3234592541879249
}