{
    "R2": 0.9992891446805199,
    "RMSE": 0.3098282259537213,
    "MSE": 0.09599352959763018,
    "MAPE": 0.03692995646117064,
    "ACMAPE": 1.0527931620647966
}