{
    "DOWN": {
        "precision": 0.49540078843626806,
        "recall": 0.8004246284501062,
        "f1-score": 0.612012987012987,
        "support": 471.0
    },
    "UP": {
        "precision": 0.6050420168067226,
        "recall": 0.2727272727272727,
        "f1-score": 0.37597911227154046,
        "support": 528.0
    },
    "accuracy": 0.5215215215215215,
    "macro avg": {
        "precision": 0.5502214026214953,
        "recall": 0.5365759505886895,
        "f1-score": 0.49399604964226373,
        "support": 999.0
    },
    "weighted avg": {
        "precision": 0.5533493055329648,
        "recall": 0.5215215215215215,
        "f1-score": 0.48726235051300326,
        "support": 999.0
    }
}