{
    "R2": 0.8381658671552032,
    "RMSE": 15.539150447593254,
    "MSE": 241.46519663293765,
    "MAPE": 0.09182665914497075,
    "ACMAPE": 1.128863696182008
}