{
    "DOWN": {
        "precision": 0.4929936305732484,
        "recall": 0.821656050955414,
        "f1-score": 0.6162420382165604,
        "support": 471.0
    },
    "UP": {
        "precision": 0.6074766355140186,
        "recall": 0.24621212121212122,
        "f1-score": 0.3504043126684636,
        "support": 528.0
    },
    "accuracy": 0.5175175175175175,
    "macro avg": {
        "precision": 0.5502351330436335,
        "recall": 0.5339340860837676,
        "f1-score": 0.483323175442512,
        "support": 999.0
    },
    "weighted avg": {
        "precision": 0.5535011647161179,
        "recall": 0.5175175175175175,
        "f1-score": 0.47573921630525395,
        "support": 999.0
    }
}