{
    "DOWN": {
        "precision": 0.5014084507042254,
        "recall": 0.10862489829129374,
        "f1-score": 0.1785654572813911,
        "support": 4916.0
    },
    "UP": {
        "precision": 0.49270664505672607,
        "recall": 0.889074576979319,
        "f1-score": 0.6340409683426443,
        "support": 4787.0
    },
    "accuracy": 0.4936617540966711,
    "macro avg": {
        "precision": 0.49705754788047574,
        "recall": 0.4988497376353064,
        "f1-score": 0.4063032128120177,
        "support": 9703.0
    },
    "weighted avg": {
        "precision": 0.49711539251247233,
        "recall": 0.4936617540966711,
        "f1-score": 0.40327547185937923,
        "support": 9703.0
    }
}