{
    "R2": 0.9985293886891136,
    "RMSE": 0.4457161626012953,
    "MSE": 0.19866289760402434,
    "MAPE": 0.05875768875030086,
    "ACMAPE": 1.0714341805569587
}