{
    "R2": 0.9980144809717969,
    "RMSE": 0.518089461074166,
    "MSE": 0.26841668967611976,
    "MAPE": 0.11970382055406928,
    "ACMAPE": 1.132599724814876
}