{
    "R2": 0.9514531933065654,
    "RMSE": 8.510842292700502,
    "MSE": 72.43443653121955,
    "MAPE": 0.04637989199749526,
    "ACMAPE": 1.003336848954452
}