{
    "DOWN": {
        "precision": 0.4863905325443787,
        "recall": 0.08377496942519363,
        "f1-score": 0.1429316640584246,
        "support": 4906.0
    },
    "UP": {
        "precision": 0.491688341060726,
        "recall": 0.9092429945629443,
        "f1-score": 0.6382385321100917,
        "support": 4782.0
    },
    "accuracy": 0.4912262592898431,
    "macro avg": {
        "precision": 0.48903943680255235,
        "recall": 0.496508981994069,
        "f1-score": 0.3905850980842582,
        "support": 9688.0
    },
    "weighted avg": {
        "precision": 0.4890055325779432,
        "recall": 0.4912262592898431,
        "f1-score": 0.3874152977313263,
        "support": 9688.0
    }
}