{
    "R2": 0.9305208425745132,
    "RMSE": 10.181680867884847,
    "MSE": 103.66662529545233,
    "MAPE": 0.05549628878873949,
    "ACMAPE": 1.0144552477476985
}