{
    "DOWN": {
        "precision": 0.49920760697305866,
        "recall": 0.06418092909535453,
        "f1-score": 0.11373894204730096,
        "support": 4908.0
    },
    "UP": {
        "precision": 0.49315824321341867,
        "recall": 0.9339602925809822,
        "f1-score": 0.6454827760525745,
        "support": 4785.0
    },
    "accuracy": 0.4935520478695966,
    "macro avg": {
        "precision": 0.4961829250932387,
        "recall": 0.4990706108381684,
        "f1-score": 0.37961085904993774,
        "support": 9693.0
    },
    "weighted avg": {
        "precision": 0.4962213070050531,
        "recall": 0.4935520478695966,
        "f1-score": 0.37623705880323144,
        "support": 9693.0
    }
}