{
    "DOWN": {
        "precision": 0.4983217722085478,
        "recall": 0.4530105777054516,
        "f1-score": 0.4745871070857752,
        "support": 4916.0
    },
    "UP": {
        "precision": 0.4867341095628937,
        "recall": 0.5321368948247078,
        "f1-score": 0.508423885953544,
        "support": 4792.0
    },
    "accuracy": 0.49206839719818707,
    "macro avg": {
        "precision": 0.4925279408857207,
        "recall": 0.4925737362650797,
        "f1-score": 0.4915054965196596,
        "support": 9708.0
    },
    "weighted avg": {
        "precision": 0.49260194532371315,
        "recall": 0.49206839719818707,
        "f1-score": 0.49128939842635494,
        "support": 9708.0
    }
}