{
    "R2": 0.9988376425078298,
    "RMSE": 0.39647581852799413,
    "MSE": 0.15719307467744295,
    "MAPE": 0.10844949980105323,
    "ACMAPE": 1.125996981221367
}