{
    "DOWN": {
        "precision": 0.4759959141981614,
        "recall": 0.9893842887473461,
        "f1-score": 0.6427586206896552,
        "support": 471.0
    },
    "UP": {
        "precision": 0.75,
        "recall": 0.028409090909090908,
        "f1-score": 0.05474452554744525,
        "support": 528.0
    },
    "accuracy": 0.48148148148148145,
    "macro avg": {
        "precision": 0.6129979570990807,
        "recall": 0.5088966898282185,
        "f1-score": 0.3487515731185502,
        "support": 999.0
    },
    "weighted avg": {
        "precision": 0.6208148904778119,
        "recall": 0.48148148148148145,
        "f1-score": 0.3319763962301088,
        "support": 999.0
    }
}