{
    "DOWN": {
        "precision": 0.5138121546961326,
        "recall": 0.018933224755700327,
        "f1-score": 0.03652071470645985,
        "support": 4912.0
    },
    "UP": {
        "precision": 0.49364295471261954,
        "recall": 0.9816130380275805,
        "f1-score": 0.6569251206040692,
        "support": 4786.0
    },
    "accuracy": 0.49401938544029694,
    "macro avg": {
        "precision": 0.503727554704376,
        "recall": 0.5002731313916404,
        "f1-score": 0.34672291765526453,
        "support": 9698.0
    },
    "weighted avg": {
        "precision": 0.5038585775543412,
        "recall": 0.49401938544029694,
        "f1-score": 0.3426926559959998,
        "support": 9698.0
    }
}