{
    "R2": 0.957182854992292,
    "RMSE": 7.992838940179815,
    "MSE": 63.88547432365478,
    "MAPE": 0.04322866096941437,
    "ACMAPE": 0.9981836159243693
}