{
    "DOWN": {
        "precision": 0.49476439790575916,
        "recall": 0.802547770700637,
        "f1-score": 0.6121457489878542,
        "support": 471.0
    },
    "UP": {
        "precision": 0.6042553191489362,
        "recall": 0.2689393939393939,
        "f1-score": 0.3722149410222805,
        "support": 528.0
    },
    "accuracy": 0.5205205205205206,
    "macro avg": {
        "precision": 0.5495098585273477,
        "recall": 0.5357435823200154,
        "f1-score": 0.49218034500506735,
        "support": 999.0
    },
    "weighted avg": {
        "precision": 0.5526334733976486,
        "recall": 0.5205205205205206,
        "f1-score": 0.4853354721051486,
        "support": 999.0
    }
}