{
    "DOWN": {
        "precision": 0.49607329842931935,
        "recall": 0.8046709129511678,
        "f1-score": 0.6137651821862348,
        "support": 471.0
    },
    "UP": {
        "precision": 0.6085106382978723,
        "recall": 0.2708333333333333,
        "f1-score": 0.3748361730013106,
        "support": 528.0
    },
    "accuracy": 0.5225225225225225,
    "macro avg": {
        "precision": 0.5522919683635958,
        "recall": 0.5377521231422505,
        "f1-score": 0.4943006775937727,
        "support": 999.0
    },
    "weighted avg": {
        "precision": 0.5554996402217076,
        "recall": 0.5225225225225225,
        "f1-score": 0.48748438453894755,
        "support": 999.0
    }
}