{
    "R2": 0.9263726148586737,
    "RMSE": 10.481221459973533,
    "MSE": 109.8560032930097,
    "MAPE": 0.05688854186958669,
    "ACMAPE": 1.0218535068345516
}