{
    "DOWN": {
        "precision": 0.4824561403508772,
        "recall": 0.04021937842778794,
        "f1-score": 0.07424907188660142,
        "support": 2735.0
    },
    "UP": {
        "precision": 0.5068570355062935,
        "recall": 0.9580965909090909,
        "f1-score": 0.6629807101609534,
        "support": 2816.0
    },
    "accuracy": 0.5058548009367682,
    "macro avg": {
        "precision": 0.49465658792858536,
        "recall": 0.4991579846684394,
        "f1-score": 0.3686148910237774,
        "support": 5551.0
    },
    "weighted avg": {
        "precision": 0.4948346164376457,
        "recall": 0.5058548009367682,
        "f1-score": 0.37291026687499546,
        "support": 5551.0
    }
}