{
    "DOWN": {
        "precision": 0.5,
        "recall": 0.15767634854771784,
        "f1-score": 0.2397476340694006,
        "support": 482.0
    },
    "UP": {
        "precision": 0.5206611570247934,
        "recall": 0.8529980657640233,
        "f1-score": 0.6466275659824047,
        "support": 517.0
    },
    "accuracy": 0.5175175175175175,
    "macro avg": {
        "precision": 0.5103305785123967,
        "recall": 0.5053372071558706,
        "f1-score": 0.44318760002590263,
        "support": 999.0
    },
    "weighted avg": {
        "precision": 0.5106925106925106,
        "recall": 0.5175175175175175,
        "f1-score": 0.450315126360715,
        "support": 999.0
    }
}