{
    "DOWN": {
        "precision": 0.4722222222222222,
        "recall": 0.03732162458836443,
        "f1-score": 0.06917599186164802,
        "support": 2733.0
    },
    "UP": {
        "precision": 0.5063789868667917,
        "recall": 0.9594738713117668,
        "f1-score": 0.6629006508657743,
        "support": 2813.0
    },
    "accuracy": 0.505048683736026,
    "macro avg": {
        "precision": 0.48930060454450697,
        "recall": 0.4983977479500656,
        "f1-score": 0.36603832136371117,
        "support": 5546.0
    },
    "weighted avg": {
        "precision": 0.48954695697613027,
        "recall": 0.505048683736026,
        "f1-score": 0.37032050426312785,
        "support": 5546.0
    }
}