{
    "R2": 0.9141581690946378,
    "RMSE": 9.275373372101345,
    "MSE": 86.03255119188667,
    "MAPE": 0.06940590297701732,
    "ACMAPE": 1.0343708679419823
}