{
    "R2": 0.9397634541844613,
    "RMSE": 7.769837656113422,
    "MSE": 60.37037720235812,
    "MAPE": 0.043470513315459904,
    "ACMAPE": 1.0404675103124568
}