{
    "R2": 0.9675458429539028,
    "RMSE": 4.023246961465448,
    "MSE": 16.18651611294096,
    "MAPE": 0.6374822626106192,
    "ACMAPE": 1.6257726607370828
}