{
    "DOWN": {
        "precision": 0.49387755102040815,
        "recall": 0.04437110377704437,
        "f1-score": 0.08142664872139972,
        "support": 2727.0
    },
    "UP": {
        "precision": 0.5074655074655074,
        "recall": 0.9558561765752936,
        "f1-score": 0.662962962962963,
        "support": 2809.0
    },
    "accuracy": 0.506864161849711,
    "macro avg": {
        "precision": 0.5006715292429578,
        "recall": 0.500113640176169,
        "f1-score": 0.37219480584218134,
        "support": 5536.0
    },
    "weighted avg": {
        "precision": 0.5007721625909074,
        "recall": 0.506864161849711,
        "f1-score": 0.37650170412323336,
        "support": 5536.0
    }
}