{
    "DOWN": {
        "precision": 0.4782608695652174,
        "recall": 0.2089116143170197,
        "f1-score": 0.2907981698017285,
        "support": 2738.0
    },
    "UP": {
        "precision": 0.5032110091743119,
        "recall": 0.7785663591199432,
        "f1-score": 0.6113123432711062,
        "support": 2818.0
    },
    "accuracy": 0.4978401727861771,
    "macro avg": {
        "precision": 0.4907359393697647,
        "recall": 0.4937389867184815,
        "f1-score": 0.4510552565364173,
        "support": 5556.0
    },
    "weighted avg": {
        "precision": 0.49091556600481934,
        "recall": 0.4978401727861771,
        "f1-score": 0.45336277398400104,
        "support": 5556.0
    }
}