{
    "DOWN": {
        "precision": 0.49067599067599066,
        "recall": 0.8734439834024896,
        "f1-score": 0.628358208955224,
        "support": 482.0
    },
    "UP": {
        "precision": 0.5673758865248227,
        "recall": 0.15473887814313347,
        "f1-score": 0.24316109422492405,
        "support": 517.0
    },
    "accuracy": 0.5015015015015015,
    "macro avg": {
        "precision": 0.5290259386004067,
        "recall": 0.5140914307728115,
        "f1-score": 0.435759651590074,
        "support": 999.0
    },
    "weighted avg": {
        "precision": 0.5303695303695304,
        "recall": 0.5015015015015015,
        "f1-score": 0.42901195438508877,
        "support": 999.0
    }
}