{
    "DOWN": {
        "precision": 0.5280898876404494,
        "recall": 0.3900414937759336,
        "f1-score": 0.44868735083532224,
        "support": 482.0
    },
    "UP": {
        "precision": 0.5427682737169518,
        "recall": 0.6750483558994197,
        "f1-score": 0.6017241379310345,
        "support": 517.0
    },
    "accuracy": 0.5375375375375375,
    "macro avg": {
        "precision": 0.5354290806787005,
        "recall": 0.5325449248376767,
        "f1-score": 0.5252057443831784,
        "support": 999.0
    },
    "weighted avg": {
        "precision": 0.5356862095639247,
        "recall": 0.5375375375375375,
        "f1-score": 0.5278865689819522,
        "support": 999.0
    }
}