{
    "DOWN": {
        "precision": 0.5258620689655172,
        "recall": 0.25311203319502074,
        "f1-score": 0.34173669467787116,
        "support": 482.0
    },
    "UP": {
        "precision": 0.530638852672751,
        "recall": 0.7872340425531915,
        "f1-score": 0.6339563862928349,
        "support": 517.0
    },
    "accuracy": 0.5295295295295295,
    "macro avg": {
        "precision": 0.5282504608191341,
        "recall": 0.5201730378741061,
        "f1-score": 0.48784654048535303,
        "support": 999.0
    },
    "weighted avg": {
        "precision": 0.528334138211403,
        "recall": 0.5295295295295295,
        "f1-score": 0.4929655040521817,
        "support": 999.0
    }
}