{
    "DOWN": {
        "precision": 0.5320855614973262,
        "recall": 0.41286307053941906,
        "f1-score": 0.46495327102803735,
        "support": 482.0
    },
    "UP": {
        "precision": 0.5472,
        "recall": 0.6615087040618955,
        "f1-score": 0.5989492119089317,
        "support": 517.0
    },
    "accuracy": 0.5415415415415415,
    "macro avg": {
        "precision": 0.5396427807486631,
        "recall": 0.5371858873006573,
        "f1-score": 0.5319512414684845,
        "support": 999.0
    },
    "weighted avg": {
        "precision": 0.539907548189901,
        "recall": 0.5415415415415415,
        "f1-score": 0.5342985177101418,
        "support": 999.0
    }
}