{
    "R2": 0.9789027874250207,
    "RMSE": 3.2463857997929795,
    "MSE": 10.539020761097504,
    "MAPE": 0.5298881312958429,
    "ACMAPE": 1.5161598075964209
}