{
    "R2": 0.9432271945610857,
    "RMSE": 7.543138684406092,
    "MSE": 56.898941212183665,
    "MAPE": 0.053439009413478775,
    "ACMAPE": 0.9783639343384037
}