{
    "R2": 0.9804291198996998,
    "RMSE": 3.1259168237797774,
    "MSE": 9.771355989189452,
    "MAPE": 0.42794981451416964,
    "ACMAPE": 1.4118877318576093
}