{
    "DOWN": {
        "precision": 0.5063694267515924,
        "recall": 0.05824175824175824,
        "f1-score": 0.10446780551905387,
        "support": 2730.0
    },
    "UP": {
        "precision": 0.5081308590013393,
        "recall": 0.9448594806118819,
        "f1-score": 0.6608609106742971,
        "support": 2811.0
    },
    "accuracy": 0.5080310413282801,
    "macro avg": {
        "precision": 0.5072501428764657,
        "recall": 0.50155061942682,
        "f1-score": 0.3826643580966755,
        "support": 5541.0
    },
    "weighted avg": {
        "precision": 0.5072630174489464,
        "recall": 0.5080310413282801,
        "f1-score": 0.3867311187461589,
        "support": 5541.0
    }
}