{
    "R2": 0.9253998905220617,
    "RMSE": 8.646725005046706,
    "MSE": 74.76585331289996,
    "MAPE": 0.06372339399531476,
    "ACMAPE": 1.0046643349362558
}