{
    "R2": 0.9422445129291281,
    "RMSE": 7.608140780163006,
    "MSE": 57.883806130779355,
    "MAPE": 0.05387231053322464,
    "ACMAPE": 0.9707892274501415
}