{
    "R2": 0.9699422317299745,
    "RMSE": 3.872890449475384,
    "MSE": 14.99928043363764,
    "MAPE": 0.6622615035356177,
    "ACMAPE": 1.6521641360635657
}