{
    "R2": 0.9978719731157687,
    "RMSE": 1.0299467072763646,
    "MSE": 1.0607902198294257,
    "MAPE": 0.4651587992239886,
    "ACMAPE": 1.4694784536516345
}