{
    "R2": 0.93775484654846,
    "RMSE": 6.945381571745146,
    "MSE": 48.23832517713707,
    "MAPE": 0.04588823748078347,
    "ACMAPE": 1.0649072564998023
}