{
    "DOWN": {
        "precision": 0.4749455337690632,
        "recall": 0.9316239316239316,
        "f1-score": 0.6291486291486291,
        "support": 468.0
    },
    "UP": {
        "precision": 0.6049382716049383,
        "recall": 0.09227871939736347,
        "f1-score": 0.16013071895424838,
        "support": 531.0
    },
    "accuracy": 0.4854854854854855,
    "macro avg": {
        "precision": 0.5399419026870007,
        "recall": 0.5119513255106476,
        "f1-score": 0.39463967405143874,
        "support": 999.0
    },
    "weighted avg": {
        "precision": 0.5440407727989428,
        "recall": 0.4854854854854855,
        "f1-score": 0.37985082102729156,
        "support": 999.0
    }
}