{
    "R2": 0.9975384364630884,
    "RMSE": 0.7760526304499685,
    "MSE": 0.6022576852283155,
    "MAPE": 0.025299755509749142,
    "ACMAPE": 1.0371595937846818
}