{
    "R2": 0.9978530949323878,
    "RMSE": 0.7254428873023578,
    "MSE": 0.5262673827375814,
    "MAPE": 0.023789129188057645,
    "ACMAPE": 1.0431439678977352
}