{
    "R2": 0.9979413636630133,
    "RMSE": 0.7217378478340079,
    "MSE": 0.5209055209960655,
    "MAPE": 0.023302377589137613,
    "ACMAPE": 1.0437324851160195
}