{
    "R2": 0.9976911403545706,
    "RMSE": 0.7519444232675918,
    "MSE": 0.5654204156832313,
    "MAPE": 0.024141014184944656,
    "ACMAPE": 1.0324855633101129
}