{
    "DOWN": {
        "precision": 0.49489795918367346,
        "recall": 0.6217948717948718,
        "f1-score": 0.5511363636363636,
        "support": 468.0
    },
    "UP": {
        "precision": 0.5693430656934306,
        "recall": 0.4406779661016949,
        "f1-score": 0.4968152866242039,
        "support": 531.0
    },
    "accuracy": 0.5255255255255256,
    "macro avg": {
        "precision": 0.5321205124385521,
        "recall": 0.5312364189482833,
        "f1-score": 0.5239758251302837,
        "support": 999.0
    },
    "weighted avg": {
        "precision": 0.5344678806618327,
        "recall": 0.5255255255255256,
        "f1-score": 0.5222629983776481,
        "support": 999.0
    }
}