{
    "R2": 0.9483772749617676,
    "RMSE": 6.243055029710745,
    "MSE": 38.97573610399663,
    "MAPE": 0.0414760466788992,
    "ACMAPE": 1.0304650356678882
}