{
    "DOWN": {
        "precision": 0.48498845265588914,
        "recall": 0.8974358974358975,
        "f1-score": 0.6296851574212894,
        "support": 468.0
    },
    "UP": {
        "precision": 0.6390977443609023,
        "recall": 0.160075329566855,
        "f1-score": 0.2560240963855422,
        "support": 531.0
    },
    "accuracy": 0.5055055055055055,
    "macro avg": {
        "precision": 0.5620430985083957,
        "recall": 0.5287556135013762,
        "f1-score": 0.4428546269034158,
        "support": 999.0
    },
    "weighted avg": {
        "precision": 0.5669024004990943,
        "recall": 0.5055055055055055,
        "f1-score": 0.4310725213752616,
        "support": 999.0
    }
}