{
    "R2": 0.9979413478864232,
    "RMSE": 0.7107328259214335,
    "MSE": 0.5051411498422667,
    "MAPE": 0.023244819154420726,
    "ACMAPE": 1.047137436604085
}