{
    "R2": 0.9225449814398741,
    "RMSE": 7.647182964839549,
    "MSE": 58.479407297732195,
    "MAPE": 0.05062640307764076,
    "ACMAPE": 1.0796554321066696
}