{
    "R2": 0.9483126921035481,
    "RMSE": 6.2469590110659405,
    "MSE": 39.02449688593795,
    "MAPE": 0.04046951447936166,
    "ACMAPE": 1.0234524974623447
}