{
    "R2": 0.9487939457617351,
    "RMSE": 6.217808695920591,
    "MSE": 38.66114497906572,
    "MAPE": 0.04155254343278358,
    "ACMAPE": 1.0285395304197704
}