{
    "DOWN": {
        "precision": 0.469119579500657,
        "recall": 0.7760869565217391,
        "f1-score": 0.5847665847665847,
        "support": 460.0
    },
    "UP": {
        "precision": 0.5672268907563025,
        "recall": 0.2504638218923933,
        "f1-score": 0.34749034749034746,
        "support": 539.0
    },
    "accuracy": 0.4924924924924925,
    "macro avg": {
        "precision": 0.5181732351284798,
        "recall": 0.5132753892070662,
        "f1-score": 0.4661284661284661,
        "support": 999.0
    },
    "weighted avg": {
        "precision": 0.5220523530409903,
        "recall": 0.4924924924924925,
        "f1-score": 0.4567466729628891,
        "support": 999.0
    }
}