{
    "R2": 0.9480485428852005,
    "RMSE": 6.345154567286783,
    "MSE": 40.26098648276032,
    "MAPE": 0.040957453215257546,
    "ACMAPE": 1.0459624582202625
}