{
    "DOWN": {
        "precision": 0.47381546134663344,
        "recall": 0.8260869565217391,
        "f1-score": 0.6022187004754358,
        "support": 460.0
    },
    "UP": {
        "precision": 0.5939086294416244,
        "recall": 0.21706864564007422,
        "f1-score": 0.3179347826086956,
        "support": 539.0
    },
    "accuracy": 0.4974974974974975,
    "macro avg": {
        "precision": 0.533862045394129,
        "recall": 0.5215778010809067,
        "f1-score": 0.4600767415420657,
        "support": 999.0
    },
    "weighted avg": {
        "precision": 0.5386104739624494,
        "recall": 0.4974974974974975,
        "f1-score": 0.4488362863311185,
        "support": 999.0
    }
}