{
    "R2": 0.9308618185516297,
    "RMSE": 7.319852257904962,
    "MSE": 53.58023707755637,
    "MAPE": 0.04908899935745713,
    "ACMAPE": 1.084124034392492
}