{
    "R2": 0.9971037215401287,
    "RMSE": 0.8556620390748444,
    "MSE": 0.7321575251137205,
    "MAPE": 0.02692134189047731,
    "ACMAPE": 1.009963064636103
}