{
    "DOWN": {
        "precision": 0.4716675661090124,
        "recall": 0.4879955332216639,
        "f1-score": 0.4796926454445664,
        "support": 1791.0
    },
    "UP": {
        "precision": 0.5088377075522228,
        "recall": 0.4924831518921721,
        "f1-score": 0.5005268703898841,
        "support": 1929.0
    },
    "accuracy": 0.49032258064516127,
    "macro avg": {
        "precision": 0.4902526368306176,
        "recall": 0.49023934255691803,
        "f1-score": 0.4901097579172252,
        "support": 3720.0
    },
    "weighted avg": {
        "precision": 0.4909420830025481,
        "recall": 0.49032258064516127,
        "f1-score": 0.4904961991863723,
        "support": 3720.0
    }
}