{
    "DOWN": {
        "precision": 0.4590316573556797,
        "recall": 0.2755729457797652,
        "f1-score": 0.3443939923157527,
        "support": 1789.0
    },
    "UP": {
        "precision": 0.5083459787556904,
        "recall": 0.6975533576262364,
        "f1-score": 0.5881062102260259,
        "support": 1921.0
    },
    "accuracy": 0.4940700808625337,
    "macro avg": {
        "precision": 0.4836888180556851,
        "recall": 0.4865631517030008,
        "f1-score": 0.4662501012708893,
        "support": 3710.0
    },
    "weighted avg": {
        "precision": 0.4845661078703483,
        "recall": 0.4940700808625337,
        "f1-score": 0.47058568250595084,
        "support": 3710.0
    }
}