{
    "DOWN": {
        "precision": 0.46361746361746364,
        "recall": 0.4980457844779453,
        "f1-score": 0.48021534320323017,
        "support": 1791.0
    },
    "UP": {
        "precision": 0.5022148394241418,
        "recall": 0.46776689014956163,
        "f1-score": 0.48437917222963955,
        "support": 1939.0
    },
    "accuracy": 0.48230563002680965,
    "macro avg": {
        "precision": 0.4829161515208027,
        "recall": 0.48290633731375343,
        "f1-score": 0.48229725771643484,
        "support": 3730.0
    },
    "weighted avg": {
        "precision": 0.483681890343777,
        "recall": 0.48230563002680965,
        "f1-score": 0.48237986451213305,
        "support": 3730.0
    }
}