{
    "R2": 0.9758162298378462,
    "RMSE": 4.27305716985925,
    "MSE": 18.259017576885544,
    "MAPE": 0.029422218225439983,
    "ACMAPE": 0.9783711671743889
}