{
    "DOWN": {
        "precision": 0.462992125984252,
        "recall": 0.4913649025069638,
        "f1-score": 0.4767567567567568,
        "support": 1795.0
    },
    "UP": {
        "precision": 0.4997260273972603,
        "recall": 0.47131782945736433,
        "f1-score": 0.4851063829787234,
        "support": 1935.0
    },
    "accuracy": 0.4809651474530831,
    "macro avg": {
        "precision": 0.48135907669075617,
        "recall": 0.48134136598216404,
        "f1-score": 0.4809315698677401,
        "support": 3730.0
    },
    "weighted avg": {
        "precision": 0.48204845285668396,
        "recall": 0.4809651474530831,
        "f1-score": 0.48108826526600756,
        "support": 3730.0
    }
}