{
    "R2": 0.9982081554824351,
    "RMSE": 0.6740101305853594,
    "MSE": 0.45428965613169325,
    "MAPE": 0.02131269884644729,
    "ACMAPE": 1.0567014387928282
}