{
    "DOWN": {
        "precision": 0.48554913294797686,
        "recall": 0.8974358974358975,
        "f1-score": 0.6301575393848462,
        "support": 468.0
    },
    "UP": {
        "precision": 0.6417910447761194,
        "recall": 0.16195856873822975,
        "f1-score": 0.25864661654135335,
        "support": 531.0
    },
    "accuracy": 0.5065065065065065,
    "macro avg": {
        "precision": 0.5636700888620481,
        "recall": 0.5296972330870636,
        "f1-score": 0.4444020779630998,
        "support": 999.0
    },
    "weighted avg": {
        "precision": 0.568596635631404,
        "recall": 0.5065065065065065,
        "f1-score": 0.4326877695851518,
        "support": 999.0
    }
}