{
    "DOWN": {
        "precision": 0.46357012750455373,
        "recall": 0.28515406162464985,
        "f1-score": 0.3531044051335414,
        "support": 1785.0
    },
    "UP": {
        "precision": 0.5114854517611026,
        "recall": 0.694025974025974,
        "f1-score": 0.5889354198809785,
        "support": 1925.0
    },
    "accuracy": 0.4973045822102426,
    "macro avg": {
        "precision": 0.48752778963282817,
        "recall": 0.4895900178253119,
        "f1-score": 0.47101991250725994,
        "support": 3710.0
    },
    "weighted avg": {
        "precision": 0.48843185235464986,
        "recall": 0.4973045822102426,
        "f1-score": 0.47546955429494747,
        "support": 3710.0
    }
}