{
    "R2": 0.9579809305910664,
    "RMSE": 5.706457069924097,
    "MSE": 32.563652290886715,
    "MAPE": 0.03715932956815272,
    "ACMAPE": 1.0521743445831677
}