{
    "DOWN": {
        "precision": 0.472127417519909,
        "recall": 0.9021739130434783,
        "f1-score": 0.619865571321882,
        "support": 460.0
    },
    "UP": {
        "precision": 0.625,
        "recall": 0.1391465677179963,
        "f1-score": 0.22761760242792112,
        "support": 539.0
    },
    "accuracy": 0.4904904904904905,
    "macro avg": {
        "precision": 0.5485637087599545,
        "recall": 0.5206602403807373,
        "f1-score": 0.4237415868749016,
        "support": 999.0
    },
    "weighted avg": {
        "precision": 0.5546082202794376,
        "recall": 0.4904904904904905,
        "f1-score": 0.40823228279951473,
        "support": 999.0
    }
}