{
    "DOWN": {
        "precision": 0.4682274247491639,
        "recall": 0.9130434782608695,
        "f1-score": 0.6190125276344878,
        "support": 460.0
    },
    "UP": {
        "precision": 0.6078431372549019,
        "recall": 0.1150278293135436,
        "f1-score": 0.19344773790951642,
        "support": 539.0
    },
    "accuracy": 0.4824824824824825,
    "macro avg": {
        "precision": 0.5380352810020329,
        "recall": 0.5140356537872066,
        "f1-score": 0.4062301327720021,
        "support": 999.0
    },
    "weighted avg": {
        "precision": 0.5435556219869945,
        "recall": 0.4824824824824825,
        "f1-score": 0.38940349694203574,
        "support": 999.0
    }
}