{
    "DOWN": {
        "precision": 0.46933603649265077,
        "recall": 0.5178970917225951,
        "f1-score": 0.4924222281308163,
        "support": 1788.0
    },
    "UP": {
        "precision": 0.5079908675799086,
        "recall": 0.45947341249354673,
        "f1-score": 0.4825155868799132,
        "support": 1937.0
    },
    "accuracy": 0.48751677852348996,
    "macro avg": {
        "precision": 0.4886634520362797,
        "recall": 0.4886852521080709,
        "f1-score": 0.48746890750536476,
        "support": 3725.0
    },
    "weighted avg": {
        "precision": 0.4894365486580249,
        "recall": 0.48751677852348996,
        "f1-score": 0.4872707746803467,
        "support": 3725.0
    }
}