{
    "DOWN": {
        "precision": 0.46855524079320116,
        "recall": 0.46278679350867374,
        "f1-score": 0.46565315315315314,
        "support": 1787.0
    },
    "UP": {
        "precision": 0.5089514066496164,
        "recall": 0.5147439213657528,
        "f1-score": 0.5118312757201646,
        "support": 1933.0
    },
    "accuracy": 0.48978494623655916,
    "macro avg": {
        "precision": 0.4887533237214088,
        "recall": 0.4887653574372133,
        "f1-score": 0.4887422144366589,
        "support": 3720.0
    },
    "weighted avg": {
        "precision": 0.4895460441804191,
        "recall": 0.48978494623655916,
        "f1-score": 0.4896483980246674,
        "support": 3720.0
    }
}