{
    "DOWN": {
        "precision": 0.4702534919813761,
        "recall": 0.5072544642857143,
        "f1-score": 0.4880536912751678,
        "support": 1792.0
    },
    "UP": {
        "precision": 0.5072544642857143,
        "recall": 0.4702534919813761,
        "f1-score": 0.4880536912751678,
        "support": 1933.0
    },
    "accuracy": 0.4880536912751678,
    "macro avg": {
        "precision": 0.4887539781335452,
        "recall": 0.4887539781335452,
        "f1-score": 0.4880536912751678,
        "support": 3725.0
    },
    "weighted avg": {
        "precision": 0.4894542649919226,
        "recall": 0.4880536912751678,
        "f1-score": 0.4880536912751678,
        "support": 3725.0
    }
}