{
    "DOWN": {
        "precision": 0.47332421340629277,
        "recall": 0.1936205931729155,
        "f1-score": 0.2748212867355043,
        "support": 1787.0
    },
    "UP": {
        "precision": 0.5170911528150134,
        "recall": 0.8003112033195021,
        "f1-score": 0.628257328990228,
        "support": 1928.0
    },
    "accuracy": 0.5084791386271871,
    "macro avg": {
        "precision": 0.4952076831106531,
        "recall": 0.4969658982462088,
        "f1-score": 0.45153930786286617,
        "support": 3715.0
    },
    "weighted avg": {
        "precision": 0.49603825356242015,
        "recall": 0.5084791386271871,
        "f1-score": 0.4582465059729491,
        "support": 3715.0
    }
}