{
    "DOWN": {
        "precision": 0.4660831509846827,
        "recall": 0.9260869565217391,
        "f1-score": 0.6200873362445415,
        "support": 460.0
    },
    "UP": {
        "precision": 0.6,
        "recall": 0.09461966604823747,
        "f1-score": 0.16346153846153846,
        "support": 539.0
    },
    "accuracy": 0.4774774774774775,
    "macro avg": {
        "precision": 0.5330415754923413,
        "recall": 0.5103533112849883,
        "f1-score": 0.39177443735303996,
        "support": 999.0
    },
    "weighted avg": {
        "precision": 0.538336586038993,
        "recall": 0.4774774774774775,
        "f1-score": 0.3737196635668252,
        "support": 999.0
    }
}