{
    "DOWN": {
        "precision": 0.47067238912732473,
        "recall": 0.367392518146287,
        "f1-score": 0.41266854813421133,
        "support": 1791.0
    },
    "UP": {
        "precision": 0.5110056107034959,
        "recall": 0.6153846153846154,
        "f1-score": 0.5583588776232021,
        "support": 1924.0
    },
    "accuracy": 0.4958277254374159,
    "macro avg": {
        "precision": 0.49083899991541036,
        "recall": 0.4913885667654512,
        "f1-score": 0.4855137128787067,
        "support": 3715.0
    },
    "weighted avg": {
        "precision": 0.4915609808669084,
        "recall": 0.4958277254374159,
        "f1-score": 0.48812162860172637,
        "support": 3715.0
    }
}