{
    "R2": 0.997580165901597,
    "RMSE": 0.7817641103480508,
    "MSE": 0.6111551242282794,
    "MAPE": 0.02522143503911424,
    "ACMAPE": 1.030612270618629
}