{
    "DOWN": {
        "precision": 0.48564294631710364,
        "recall": 0.8311965811965812,
        "f1-score": 0.6130811662726556,
        "support": 468.0
    },
    "UP": {
        "precision": 0.601010101010101,
        "recall": 0.224105461393597,
        "f1-score": 0.32647462277091904,
        "support": 531.0
    },
    "accuracy": 0.5085085085085085,
    "macro avg": {
        "precision": 0.5433265236636023,
        "recall": 0.5276510212950891,
        "f1-score": 0.4697778945217873,
        "support": 999.0
    },
    "weighted avg": {
        "precision": 0.5469642267395076,
        "recall": 0.5085085085085085,
        "f1-score": 0.4607407512582191,
        "support": 999.0
    }
}