{
    "R2": 0.9981871157193404,
    "RMSE": 0.6672878056736221,
    "MSE": 0.4452730156007177,
    "MAPE": 0.021309242068057288,
    "ACMAPE": 1.0593789471618908
}