{
    "R2": 0.9221437386838097,
    "RMSE": 7.767658286102992,
    "MSE": 60.336515249664465,
    "MAPE": 0.05115400368350352,
    "ACMAPE": 1.0961990487285485
}