{
    "R2": 0.9979886067061575,
    "RMSE": 0.7137627050189427,
    "MSE": 0.5094571990759581,
    "MAPE": 0.023059201285824237,
    "ACMAPE": 1.0480256442388443
}