{
    "R2": 0.9518155166744882,
    "RMSE": 15.02038504828918,
    "MSE": 225.61196699886915,
    "MAPE": 0.054335861867352536,
    "ACMAPE": 1.0112928188243095
}