{
    "R2": 0.9272643929987521,
    "RMSE": 14.52209362110102,
    "MSE": 210.89120314002292,
    "MAPE": 0.1769030396239028,
    "ACMAPE": 1.1252864769466482
}