{
    "R2": 0.9382391570522903,
    "RMSE": 17.005291080251965,
    "MSE": 289.179924724097,
    "MAPE": 0.06829845717848769,
    "ACMAPE": 0.9992293881094185
}