{
    "DOWN": {
        "precision": 1.0,
        "recall": 0.0011947431302270011,
        "f1-score": 0.0023866348448687348,
        "support": 837.0
    },
    "UP": {
        "precision": 0.5255391600454029,
        "recall": 1.0,
        "f1-score": 0.6889880952380952,
        "support": 926.0
    },
    "accuracy": 0.5258082813386273,
    "macro avg": {
        "precision": 0.7627695800227015,
        "recall": 0.5005973715651135,
        "f1-score": 0.345687365041482,
        "support": 1763.0
    },
    "weighted avg": {
        "precision": 0.7507936824742161,
        "recall": 0.5258082813386273,
        "f1-score": 0.36301791806899103,
        "support": 1763.0
    }
}