{
    "R2": 0.9574613230314203,
    "RMSE": 14.113003587869255,
    "MSE": 199.17687027121045,
    "MAPE": 0.05773375665413084,
    "ACMAPE": 1.0046807036010779
}