{
    "DOWN": {
        "precision": 1.0,
        "recall": 0.0011976047904191617,
        "f1-score": 0.0023923444976076554,
        "support": 835.0
    },
    "UP": {
        "precision": 0.5253272623790552,
        "recall": 1.0,
        "f1-score": 0.6888059701492538,
        "support": 923.0
    },
    "accuracy": 0.5255972696245734,
    "macro avg": {
        "precision": 0.7626636311895276,
        "recall": 0.5005988023952096,
        "f1-score": 0.3455991573234307,
        "support": 1758.0
    },
    "weighted avg": {
        "precision": 0.7507833123867281,
        "recall": 0.5255972696245734,
        "f1-score": 0.36277902053655503,
        "support": 1758.0
    }
}