{
    "R2": 0.9438380191669765,
    "RMSE": 12.814149422704238,
    "MSE": 164.20242542739138,
    "MAPE": 0.1679339030457411,
    "ACMAPE": 1.1173152303798244
}