{
    "DOWN": {
        "precision": 0.5076530612244898,
        "recall": 0.41115702479338845,
        "f1-score": 0.45433789954337905,
        "support": 484.0
    },
    "UP": {
        "precision": 0.5304777594728172,
        "recall": 0.625242718446602,
        "f1-score": 0.5739750445632799,
        "support": 515.0
    },
    "accuracy": 0.5215215215215215,
    "macro avg": {
        "precision": 0.5190654103486535,
        "recall": 0.5181998716199951,
        "f1-score": 0.5141564720533295,
        "support": 999.0
    },
    "weighted avg": {
        "precision": 0.5194195473084624,
        "recall": 0.5215215215215215,
        "f1-score": 0.5160127040331177,
        "support": 999.0
    }
}