{
    "DOWN": {
        "precision": 0.5317725752508361,
        "recall": 0.3285123966942149,
        "f1-score": 0.40613026819923376,
        "support": 484.0
    },
    "UP": {
        "precision": 0.5357142857142857,
        "recall": 0.7281553398058253,
        "f1-score": 0.6172839506172839,
        "support": 515.0
    },
    "accuracy": 0.5345345345345346,
    "macro avg": {
        "precision": 0.5337434304825609,
        "recall": 0.52833386825002,
        "f1-score": 0.5117071094082588,
        "support": 999.0
    },
    "weighted avg": {
        "precision": 0.5338045881524143,
        "recall": 0.5345345345345346,
        "f1-score": 0.5149832676439743,
        "support": 999.0
    }
}