{
    "R2": 0.9382976677224206,
    "RMSE": 16.99723397887171,
    "MSE": 288.90596293251093,
    "MAPE": 0.06735671506768057,
    "ACMAPE": 0.9922816399926055
}