{
    "R2": 0.9389025466785179,
    "RMSE": 16.913715331259997,
    "MSE": 286.07376630689953,
    "MAPE": 0.06425401903283846,
    "ACMAPE": 1.0172069719857915
}