{
    "R2": 0.9360247860087985,
    "RMSE": 13.638798044429976,
    "MSE": 186.01681209674695,
    "MAPE": 0.171348105955401,
    "ACMAPE": 1.1181806851409213
}