{
    "DOWN": {
        "precision": 0.6666666666666666,
        "recall": 0.007134363852556481,
        "f1-score": 0.014117647058823528,
        "support": 841.0
    },
    "UP": {
        "precision": 0.5266439909297053,
        "recall": 0.9967811158798283,
        "f1-score": 0.6891691394658754,
        "support": 932.0
    },
    "accuracy": 0.5273547659334461,
    "macro avg": {
        "precision": 0.596655328798186,
        "recall": 0.5019577398661924,
        "f1-score": 0.3516433932623495,
        "support": 1773.0
    },
    "weighted avg": {
        "precision": 0.5930619662792734,
        "recall": 0.5273547659334461,
        "f1-score": 0.36896704972288014,
        "support": 1773.0
    }
}