{
    "R2": 0.9230398817191123,
    "RMSE": 14.920662282051959,
    "MSE": 222.62616293504797,
    "MAPE": 0.18262183484535108,
    "ACMAPE": 1.1314272955962041
}