{
    "DOWN": {
        "precision": 0.535483870967742,
        "recall": 0.34297520661157027,
        "f1-score": 0.41813602015113355,
        "support": 484.0
    },
    "UP": {
        "precision": 0.5384615384615384,
        "recall": 0.7203883495145631,
        "f1-score": 0.6162790697674418,
        "support": 515.0
    },
    "accuracy": 0.5375375375375375,
    "macro avg": {
        "precision": 0.5369727047146402,
        "recall": 0.5316817780630667,
        "f1-score": 0.5172075449592877,
        "support": 999.0
    },
    "weighted avg": {
        "precision": 0.5370189047608402,
        "recall": 0.5375375375375375,
        "f1-score": 0.5202818365199011,
        "support": 999.0
    }
}