{
    "R2": 0.9492711193987086,
    "RMSE": 12.163121965914254,
    "MSE": 147.94153595770584,
    "MAPE": 0.18034972854979758,
    "ACMAPE": 1.1256401966829053
}