{
    "DOWN": {
        "precision": 0.5112994350282486,
        "recall": 0.3739669421487603,
        "f1-score": 0.4319809069212411,
        "support": 484.0
    },
    "UP": {
        "precision": 0.5302325581395348,
        "recall": 0.6640776699029126,
        "f1-score": 0.5896551724137932,
        "support": 515.0
    },
    "accuracy": 0.5235235235235235,
    "macro avg": {
        "precision": 0.5207659965838918,
        "recall": 0.5190223060258364,
        "f1-score": 0.5108180396675172,
        "support": 999.0
    },
    "weighted avg": {
        "precision": 0.521059753749282,
        "recall": 0.5235235235235235,
        "f1-score": 0.5132644371801643,
        "support": 999.0
    }
}