{
    "DOWN": {
        "precision": 0.5210727969348659,
        "recall": 0.2809917355371901,
        "f1-score": 0.36510067114093964,
        "support": 484.0
    },
    "UP": {
        "precision": 0.5284552845528455,
        "recall": 0.7572815533980582,
        "f1-score": 0.6225059856344772,
        "support": 515.0
    },
    "accuracy": 0.5265265265265265,
    "macro avg": {
        "precision": 0.5247640407438556,
        "recall": 0.5191366444676242,
        "f1-score": 0.49380332838770846,
        "support": 999.0
    },
    "weighted avg": {
        "precision": 0.5248785838450355,
        "recall": 0.5265265265265265,
        "f1-score": 0.49779710453850906,
        "support": 999.0
    }
}