{
    "DOWN": {
        "precision": 0.517557251908397,
        "recall": 0.2443536761172513,
        "f1-score": 0.3319732332299657,
        "support": 4162.0
    },
    "UP": {
        "precision": 0.5087472664792252,
        "recall": 0.7745541022592152,
        "f1-score": 0.6141227491279343,
        "support": 4205.0
    },
    "accuracy": 0.510816302139357,
    "macro avg": {
        "precision": 0.5131522591938111,
        "recall": 0.5094538891882332,
        "f1-score": 0.47304799117895,
        "support": 8367.0
    },
    "weighted avg": {
        "precision": 0.5131296208901507,
        "recall": 0.510816302139357,
        "f1-score": 0.473773007862565,
        "support": 8367.0
    }
}