{
    "DOWN": {
        "precision": 0.501891551071879,
        "recall": 0.8361344537815126,
        "f1-score": 0.6272655634357762,
        "support": 476.0
    },
    "UP": {
        "precision": 0.6213592233009708,
        "recall": 0.2447418738049713,
        "f1-score": 0.3511659807956104,
        "support": 523.0
    },
    "accuracy": 0.5265265265265265,
    "macro avg": {
        "precision": 0.561625387186425,
        "recall": 0.5404381637932419,
        "f1-score": 0.48921577211569334,
        "support": 999.0
    },
    "weighted avg": {
        "precision": 0.5644356877844066,
        "recall": 0.5265265265265265,
        "f1-score": 0.48272093708862235,
        "support": 999.0
    }
}