{
    "DOWN": {
        "precision": 0.5074626865671642,
        "recall": 0.2530004800768123,
        "f1-score": 0.3376581771584175,
        "support": 4166.0
    },
    "UP": {
        "precision": 0.506031746031746,
        "recall": 0.7570648302066018,
        "f1-score": 0.6066026067928837,
        "support": 4211.0
    },
    "accuracy": 0.5063865345589112,
    "macro avg": {
        "precision": 0.5067472162994551,
        "recall": 0.505032655141707,
        "f1-score": 0.4721303919756506,
        "support": 8377.0
    },
    "weighted avg": {
        "precision": 0.5067433728994256,
        "recall": 0.5063865345589112,
        "f1-score": 0.47285275674427607,
        "support": 8377.0
    }
}