{
    "DOWN": {
        "precision": 0.5033738191632928,
        "recall": 0.7836134453781513,
        "f1-score": 0.6129827444535743,
        "support": 476.0
    },
    "UP": {
        "precision": 0.6007751937984496,
        "recall": 0.29636711281070743,
        "f1-score": 0.3969270166453265,
        "support": 523.0
    },
    "accuracy": 0.5285285285285285,
    "macro avg": {
        "precision": 0.5520745064808712,
        "recall": 0.5399902790944293,
        "f1-score": 0.5049548805494504,
        "support": 999.0
    },
    "weighted avg": {
        "precision": 0.5543657300083248,
        "recall": 0.5285285285285285,
        "f1-score": 0.49987248855396105,
        "support": 999.0
    }
}