{
    "DOWN": {
        "precision": 0.4986910994764398,
        "recall": 0.8004201680672269,
        "f1-score": 0.6145161290322582,
        "support": 476.0
    },
    "UP": {
        "precision": 0.5957446808510638,
        "recall": 0.2676864244741874,
        "f1-score": 0.36939313984168864,
        "support": 523.0
    },
    "accuracy": 0.5215215215215215,
    "macro avg": {
        "precision": 0.5472178901637518,
        "recall": 0.5340532962707072,
        "f1-score": 0.4919546344369734,
        "support": 999.0
    },
    "weighted avg": {
        "precision": 0.54950093236826,
        "recall": 0.5215215215215215,
        "f1-score": 0.48618847803459264,
        "support": 999.0
    }
}