{
    "DOWN": {
        "precision": 0.506585824796153,
        "recall": 0.5813339731285988,
        "f1-score": 0.5413920232376269,
        "support": 4168.0
    },
    "UP": {
        "precision": 0.5151430953042512,
        "recall": 0.43996203132415757,
        "f1-score": 0.4745936260079355,
        "support": 4214.0
    },
    "accuracy": 0.5102600811262229,
    "macro avg": {
        "precision": 0.5108644600502021,
        "recall": 0.5106480022263782,
        "f1-score": 0.5079928246227812,
        "support": 8382.0
    },
    "weighted avg": {
        "precision": 0.510887940988127,
        "recall": 0.5102600811262229,
        "f1-score": 0.5078095314783905,
        "support": 8382.0
    }
}