{
    "R2": 0.9986842965655817,
    "RMSE": 0.8407995968350813,
    "MSE": 0.7069439620380353,
    "MAPE": 0.1638946854213186,
    "ACMAPE": 1.151121616303496
}