{
    "R2": 0.9213452452262862,
    "RMSE": 16.229555168234786,
    "MSE": 263.3984609587764,
    "MAPE": 0.04804852326422126,
    "ACMAPE": 1.0290295042452022
}