{
    "R2": 0.95728869374391,
    "RMSE": 11.959569659689697,
    "MSE": 143.03130644497034,
    "MAPE": 0.034517884447493104,
    "ACMAPE": 0.9914748414044501
}