{
    "R2": 0.9990227134834458,
    "RMSE": 0.7246005946239754,
    "MSE": 0.5250460217294187,
    "MAPE": 0.11759754911551853,
    "ACMAPE": 1.0970773868630728
}