{
    "R2": 0.9988459154295487,
    "RMSE": 0.7875134608471286,
    "MSE": 0.620177451015422,
    "MAPE": 0.10324355730564867,
    "ACMAPE": 1.0812655353276268
}