{
    "R2": 0.9428264004385625,
    "RMSE": 13.836998492627854,
    "MSE": 191.46252728498553,
    "MAPE": 0.03950254626098996,
    "ACMAPE": 0.9864494932079368
}