{
    "R2": 0.9710760862285986,
    "RMSE": 9.841757387823588,
    "MSE": 96.86018848078017,
    "MAPE": 0.029410167552213606,
    "ACMAPE": 0.9503310884731344
}