{
    "R2": 0.99887407853514,
    "RMSE": 0.7779368207505616,
    "MSE": 0.6051856970794914,
    "MAPE": 0.12772998103838465,
    "ACMAPE": 1.112183461067086
}