{
    "DOWN": {
        "precision": 0.5092281879194631,
        "recall": 0.2918269230769231,
        "f1-score": 0.37102689486552576,
        "support": 4160.0
    },
    "UP": {
        "precision": 0.5071930411508866,
        "recall": 0.7215611613517373,
        "f1-score": 0.5956777996070727,
        "support": 4202.0
    },
    "accuracy": 0.5077732599856494,
    "macro avg": {
        "precision": 0.5082106145351748,
        "recall": 0.5066940422143302,
        "f1-score": 0.4833523472362992,
        "support": 8362.0
    },
    "weighted avg": {
        "precision": 0.5082055035471169,
        "recall": 0.5077732599856494,
        "f1-score": 0.4839165267387595,
        "support": 8362.0
    }
}