{
    "R2": 0.9986724456561501,
    "RMSE": 0.8446774653591095,
    "MSE": 0.7134800204854895,
    "MAPE": 0.1842020928700849,
    "ACMAPE": 1.1625694885913709
}