{
    "R2": 0.9666177812283172,
    "RMSE": 10.573085041113034,
    "MSE": 111.7901272866082,
    "MAPE": 0.030981880115641354,
    "ACMAPE": 0.9739248230585844
}