{
    "DOWN": {
        "precision": 0.5129032258064516,
        "recall": 0.6680672268907563,
        "f1-score": 0.5802919708029197,
        "support": 476.0
    },
    "UP": {
        "precision": 0.58311345646438,
        "recall": 0.4225621414913958,
        "f1-score": 0.4900221729490023,
        "support": 523.0
    },
    "accuracy": 0.5395395395395396,
    "macro avg": {
        "precision": 0.5480083411354157,
        "recall": 0.5453146841910761,
        "f1-score": 0.5351570718759611,
        "support": 999.0
    },
    "weighted avg": {
        "precision": 0.5496599331478896,
        "recall": 0.5395395395395396,
        "f1-score": 0.5330336081626806,
        "support": 999.0
    }
}