{
    "DOWN": {
        "precision": 0.49230769230769234,
        "recall": 0.9411764705882353,
        "f1-score": 0.6464646464646465,
        "support": 476.0
    },
    "UP": {
        "precision": 0.6853932584269663,
        "recall": 0.11663479923518165,
        "f1-score": 0.19934640522875818,
        "support": 523.0
    },
    "accuracy": 0.5095095095095095,
    "macro avg": {
        "precision": 0.5888504753673294,
        "recall": 0.5289056349117085,
        "f1-score": 0.4229055258467024,
        "support": 999.0
    },
    "weighted avg": {
        "precision": 0.593392528223989,
        "recall": 0.5095095095095095,
        "f1-score": 0.4123877293811935,
        "support": 999.0
    }
}