{
    "DOWN": {
        "precision": 0.5064209938581797,
        "recall": 0.6536151813595964,
        "f1-score": 0.5706795302013422,
        "support": 4163.0
    },
    "UP": {
        "precision": 0.5191730576858953,
        "recall": 0.3699215965787598,
        "f1-score": 0.4320199778024417,
        "support": 4209.0
    },
    "accuracy": 0.510989010989011,
    "macro avg": {
        "precision": 0.5127970257720376,
        "recall": 0.5117683889691781,
        "f1-score": 0.501349754001892,
        "support": 8372.0
    },
    "weighted avg": {
        "precision": 0.5128320589144214,
        "recall": 0.510989010989011,
        "f1-score": 0.5009688211656314,
        "support": 8372.0
    }
}