{
    "R2": 0.8909958991764061,
    "RMSE": 25.904995142398597,
    "MSE": 671.068773327695,
    "MAPE": 0.0805503062224243,
    "ACMAPE": 1.1376073632794814
}