{
    "R2": 0.9980246958497765,
    "RMSE": 0.6563449498436715,
    "MSE": 0.4307886931852917,
    "MAPE": 2694538299453.3276,
    "ACMAPE": 2694538299454.308
}