{
    "R2": 0.8207061014349479,
    "RMSE": 33.22345944865241,
    "MSE": 1103.7982577362511,
    "MAPE": 0.09170237575149047,
    "ACMAPE": 1.0546653387144536
}