{
    "DOWN": {
        "precision": 0.5073825503355704,
        "recall": 0.1500595474394601,
        "f1-score": 0.23161764705882348,
        "support": 2519.0
    },
    "UP": {
        "precision": 0.5102927721866423,
        "recall": 0.8587374903772133,
        "f1-score": 0.6401721664275466,
        "support": 2598.0
    },
    "accuracy": 0.5098690639046316,
    "macro avg": {
        "precision": 0.5088376612611063,
        "recall": 0.5043985189083366,
        "f1-score": 0.43589490674318504,
        "support": 5117.0
    },
    "weighted avg": {
        "precision": 0.5088601263310921,
        "recall": 0.5098690639046316,
        "f1-score": 0.43904868894272864,
        "support": 5117.0
    }
}