{
    "DOWN": {
        "precision": 0.49515816655907036,
        "recall": 0.609455701231625,
        "f1-score": 0.546393588601959,
        "support": 2517.0
    },
    "UP": {
        "precision": 0.5119165839126117,
        "recall": 0.39730250481695567,
        "f1-score": 0.4473855500108483,
        "support": 2595.0
    },
    "accuracy": 0.5017605633802817,
    "macro avg": {
        "precision": 0.5035373752358411,
        "recall": 0.5033791030242903,
        "f1-score": 0.4968895693064036,
        "support": 5112.0
    },
    "weighted avg": {
        "precision": 0.5036652270114257,
        "recall": 0.5017605633802817,
        "f1-score": 0.4961342262889831,
        "support": 5112.0
    }
}