{
    "R2": 0.9928952923522307,
    "RMSE": 1.2435424245793196,
    "MSE": 1.5463977617286127,
    "MAPE": 2068461832807.0552,
    "ACMAPE": 2068461832808.023
}