{
    "R2": 0.9975250321241934,
    "RMSE": 0.7344411343097226,
    "MSE": 0.539403779766152,
    "MAPE": 2504581994733.9785,
    "ACMAPE": 2504581994734.977
}