{
    "DOWN": {
        "precision": 0.4790996784565916,
        "recall": 0.654945054945055,
        "f1-score": 0.5533890436397401,
        "support": 455.0
    },
    "UP": {
        "precision": 0.583554376657825,
        "recall": 0.40441176470588236,
        "f1-score": 0.47774158523344196,
        "support": 544.0
    },
    "accuracy": 0.5185185185185185,
    "macro avg": {
        "precision": 0.5313270275572083,
        "recall": 0.5296784098254687,
        "f1-score": 0.515565314436591,
        "support": 999.0
    },
    "weighted avg": {
        "precision": 0.53597991451412,
        "recall": 0.5185185185185185,
        "f1-score": 0.5121956328559301,
        "support": 999.0
    }
}