{
    "R2": 0.7502382532003367,
    "RMSE": 39.21254755238336,
    "MSE": 1537.6238855479266,
    "MAPE": 0.12957679995037943,
    "ACMAPE": 1.1886358590094384
}