{
    "R2": 0.9983140716489999,
    "RMSE": 0.6065662935171616,
    "MSE": 0.3679226684311475,
    "MAPE": 2587680545154.1714,
    "ACMAPE": 2587680545155.168
}