{
    "R2": 0.9114946874320163,
    "RMSE": 23.34246771993995,
    "MSE": 544.8707992564387,
    "MAPE": 0.06823860019533234,
    "ACMAPE": 1.0732436052003373
}