{
    "DOWN": {
        "precision": 0.46464646464646464,
        "recall": 0.9098901098901099,
        "f1-score": 0.6151560178306091,
        "support": 455.0
    },
    "UP": {
        "precision": 0.6203703703703703,
        "recall": 0.12316176470588236,
        "f1-score": 0.20552147239263804,
        "support": 544.0
    },
    "accuracy": 0.48148148148148145,
    "macro avg": {
        "precision": 0.5425084175084175,
        "recall": 0.5165259372979961,
        "f1-score": 0.4103387451116236,
        "support": 999.0
    },
    "weighted avg": {
        "precision": 0.5494450679635865,
        "recall": 0.48148148148148145,
        "f1-score": 0.39209176085537767,
        "support": 999.0
    }
}