{
    "DOWN": {
        "precision": 0.518189884649512,
        "recall": 0.23137876386687797,
        "f1-score": 0.31991235278006025,
        "support": 2524.0
    },
    "UP": {
        "precision": 0.5156054931335831,
        "recall": 0.7917944785276073,
        "f1-score": 0.6245274459398156,
        "support": 2608.0
    },
    "accuracy": 0.5161730319563523,
    "macro avg": {
        "precision": 0.5168976888915475,
        "recall": 0.5115866211972426,
        "f1-score": 0.4722198993599379,
        "support": 5132.0
    },
    "weighted avg": {
        "precision": 0.5168765383764132,
        "recall": 0.5161730319563523,
        "f1-score": 0.4747128521878237,
        "support": 5132.0
    }
}