{
    "DOWN": {
        "precision": 0.46153846153846156,
        "recall": 0.9758241758241758,
        "f1-score": 0.6266760762173607,
        "support": 455.0
    },
    "UP": {
        "precision": 0.7027027027027027,
        "recall": 0.04779411764705882,
        "f1-score": 0.08950086058519795,
        "support": 544.0
    },
    "accuracy": 0.47047047047047047,
    "macro avg": {
        "precision": 0.5821205821205822,
        "recall": 0.5118091467356173,
        "f1-score": 0.3580884684012793,
        "support": 999.0
    },
    "weighted avg": {
        "precision": 0.592863133403674,
        "recall": 0.47047047047047047,
        "f1-score": 0.33416024308032716,
        "support": 999.0
    }
}