{
    "DOWN": {
        "precision": 0.4957304408031387,
        "recall": 0.8523809523809524,
        "f1-score": 0.6268787392382897,
        "support": 2520.0
    },
    "UP": {
        "precision": 0.5285171102661597,
        "recall": 0.16026133743274404,
        "f1-score": 0.24594514892362135,
        "support": 2602.0
    },
    "accuracy": 0.5007809449433815,
    "macro avg": {
        "precision": 0.5121237755346492,
        "recall": 0.5063211449068482,
        "f1-score": 0.4364119440809555,
        "support": 5122.0
    },
    "weighted avg": {
        "precision": 0.5123862225178557,
        "recall": 0.5007809449433815,
        "f1-score": 0.43336269042947145,
        "support": 5122.0
    }
}