{
    "DOWN": {
        "precision": 0.5050055617352615,
        "recall": 0.17994451050336902,
        "f1-score": 0.2653419053185272,
        "support": 2523.0
    },
    "UP": {
        "precision": 0.510643330179754,
        "recall": 0.8291090629800307,
        "f1-score": 0.6320257611241218,
        "support": 2604.0
    },
    "accuracy": 0.5096547688706846,
    "macro avg": {
        "precision": 0.5078244459575078,
        "recall": 0.5045267867416998,
        "f1-score": 0.4486838332213245,
        "support": 5127.0
    },
    "weighted avg": {
        "precision": 0.5078689806994625,
        "recall": 0.5096547688706846,
        "f1-score": 0.45158039966566355,
        "support": 5127.0
    }
}