{
    "DOWN": {
        "precision": 0.460196292257361,
        "recall": 0.9274725274725275,
        "f1-score": 0.6151603498542274,
        "support": 455.0
    },
    "UP": {
        "precision": 0.5975609756097561,
        "recall": 0.0900735294117647,
        "f1-score": 0.15654952076677314,
        "support": 544.0
    },
    "accuracy": 0.47147147147147145,
    "macro avg": {
        "precision": 0.5288786339335585,
        "recall": 0.5087730284421461,
        "f1-score": 0.3858549353105003,
        "support": 999.0
    },
    "weighted avg": {
        "precision": 0.5349974811899966,
        "recall": 0.47147147147147145,
        "f1-score": 0.36542632480560366,
        "support": 999.0
    }
}