{
    "R2": 0.8360951750031133,
    "RMSE": 31.76566606007511,
    "MSE": 1009.0575402402078,
    "MAPE": 0.09678772927439601,
    "ACMAPE": 1.1338247663114331
}