{
    "DOWN": {
        "precision": 0.47123623011015914,
        "recall": 0.8461538461538461,
        "f1-score": 0.6053459119496855,
        "support": 455.0
    },
    "UP": {
        "precision": 0.6153846153846154,
        "recall": 0.20588235294117646,
        "f1-score": 0.3085399449035813,
        "support": 544.0
    },
    "accuracy": 0.4974974974974975,
    "macro avg": {
        "precision": 0.5433104227473873,
        "recall": 0.5260180995475113,
        "f1-score": 0.45694292842663337,
        "support": 999.0
    },
    "weighted avg": {
        "precision": 0.5497314469162695,
        "recall": 0.4974974974974975,
        "f1-score": 0.44372184180646157,
        "support": 999.0
    }
}