{
    "R2": 0.997964096279474,
    "RMSE": 0.6658990592690411,
    "MSE": 0.443421557135394,
    "MAPE": 2697590725134.1333,
    "ACMAPE": 2697590725135.114
}