{
    "DOWN": {
        "precision": 0.4605087014725569,
        "recall": 0.756043956043956,
        "f1-score": 0.5723793677204659,
        "support": 455.0
    },
    "UP": {
        "precision": 0.5595238095238095,
        "recall": 0.25919117647058826,
        "f1-score": 0.3542713567839196,
        "support": 544.0
    },
    "accuracy": 0.4854854854854855,
    "macro avg": {
        "precision": 0.5100162554981832,
        "recall": 0.5076175662572722,
        "f1-score": 0.4633253622521928,
        "support": 999.0
    },
    "weighted avg": {
        "precision": 0.5144268383893551,
        "recall": 0.4854854854854855,
        "f1-score": 0.45360984024350776,
        "support": 999.0
    }
}