{
    "R2": -0.6334355313972508,
    "RMSE": 134.28831583693093,
    "MSE": 18033.351770319317,
    "MAPE": 0.4641936055362254,
    "ACMAPE": 1.5012306425732627
}