{
    "R2": 0.9942080929035672,
    "RMSE": 0.5789382459769132,
    "MSE": 0.3351694926548249,
    "MAPE": 0.034602920833975905,
    "ACMAPE": 1.0261396691635973
}