{
    "R2": -0.1827628324070083,
    "RMSE": 114.27100904308918,
    "MSE": 13057.86350772577,
    "MAPE": 0.37050457605101106,
    "ACMAPE": 1.4215556271020622
}