{
    "DOWN": {
        "precision": 0.46096256684491976,
        "recall": 0.9472527472527472,
        "f1-score": 0.6201438848920863,
        "support": 455.0
    },
    "UP": {
        "precision": 0.625,
        "recall": 0.07352941176470588,
        "f1-score": 0.13157894736842107,
        "support": 544.0
    },
    "accuracy": 0.47147147147147145,
    "macro avg": {
        "precision": 0.5429812834224599,
        "recall": 0.5103910795087265,
        "f1-score": 0.3758614161302537,
        "support": 999.0
    },
    "weighted avg": {
        "precision": 0.5502882561706092,
        "recall": 0.47147147147147145,
        "f1-score": 0.35409851350782817,
        "support": 999.0
    }
}