{
    "R2": 0.994098517484341,
    "RMSE": 0.583790509568422,
    "MSE": 0.3408113590621578,
    "MAPE": 0.034892273954513144,
    "ACMAPE": 1.0232851310973703
}