{
    "DOWN": {
        "precision": 0.0,
        "recall": 0.0,
        "f1-score": 0.0,
        "support": 1108.0
    },
    "UP": {
        "precision": 0.5075555555555555,
        "recall": 1.0,
        "f1-score": 0.6733490566037735,
        "support": 1142.0
    },
    "accuracy": 0.5075555555555555,
    "macro avg": {
        "precision": 0.25377777777777777,
        "recall": 0.5,
        "f1-score": 0.33667452830188677,
        "support": 2250.0
    },
    "weighted avg": {
        "precision": 0.25761264197530864,
        "recall": 0.5075555555555555,
        "f1-score": 0.3417620545073375,
        "support": 2250.0
    }
}