{
    "R2": 0.8452463369840666,
    "RMSE": 2.9988647816222604,
    "MSE": 8.993189978454327,
    "MAPE": 0.5399685080609589,
    "ACMAPE": 1.5244474437594067
}