{
    "R2": 0.36666585252617956,
    "RMSE": 6.060092412933412,
    "MSE": 36.724720053293105,
    "MAPE": 0.7647192741632524,
    "ACMAPE": 1.7496081630521414
}