{
    "R2": 0.9943486289136084,
    "RMSE": 0.5706909555285918,
    "MSE": 0.32568816672213724,
    "MAPE": 0.033715543224022766,
    "ACMAPE": 1.022529860897401
}