{
    "DOWN": {
        "precision": 0.4617067833698031,
        "recall": 0.9274725274725275,
        "f1-score": 0.6165084002921841,
        "support": 455.0
    },
    "UP": {
        "precision": 0.611764705882353,
        "recall": 0.09558823529411764,
        "f1-score": 0.16534181240063592,
        "support": 544.0
    },
    "accuracy": 0.4744744744744745,
    "macro avg": {
        "precision": 0.5367357446260781,
        "recall": 0.5115303813833225,
        "f1-score": 0.39092510634641003,
        "support": 999.0
    },
    "weighted avg": {
        "precision": 0.5434200064397001,
        "recall": 0.4744744744744745,
        "f1-score": 0.3708280961750648,
        "support": 999.0
    }
}