{
    "DOWN": {
        "precision": 0.4966507177033493,
        "recall": 0.4692585895117541,
        "f1-score": 0.48256624825662486,
        "support": 1106.0
    },
    "UP": {
        "precision": 0.5108333333333334,
        "recall": 0.5381913959613697,
        "f1-score": 0.5241556220607098,
        "support": 1139.0
    },
    "accuracy": 0.5042316258351893,
    "macro avg": {
        "precision": 0.5037420255183414,
        "recall": 0.5037249927365619,
        "f1-score": 0.5033609351586673,
        "support": 2245.0
    },
    "weighted avg": {
        "precision": 0.5038462630051541,
        "recall": 0.5042316258351893,
        "f1-score": 0.5036666031621272,
        "support": 2245.0
    }
}