{
    "R2": -0.588241828594603,
    "RMSE": 132.41754833670683,
    "MSE": 17534.40710750409,
    "MAPE": 0.4917363110519709,
    "ACMAPE": 1.5207653400809997
}