{
    "R2": -0.12026913747627987,
    "RMSE": 111.21117104253102,
    "MSE": 12367.92456465109,
    "MAPE": 0.3595815387402833,
    "ACMAPE": 1.4166385957973406
}