{
    "R2": -0.17706135321482108,
    "RMSE": 113.99525602983725,
    "MSE": 12994.918397308147,
    "MAPE": 0.37108198829651096,
    "ACMAPE": 1.436147053361576
}