{
    "DOWN": {
        "precision": 0.49824150058616645,
        "recall": 0.384963768115942,
        "f1-score": 0.4343382728666326,
        "support": 1104.0
    },
    "UP": {
        "precision": 0.5104542177361211,
        "recall": 0.6232394366197183,
        "f1-score": 0.5612366230677764,
        "support": 1136.0
    },
    "accuracy": 0.5058035714285715,
    "macro avg": {
        "precision": 0.5043478591611438,
        "recall": 0.5041016023678302,
        "f1-score": 0.49778744796720453,
        "support": 2240.0
    },
    "weighted avg": {
        "precision": 0.504435092855072,
        "recall": 0.5058035714285715,
        "f1-score": 0.4986938647543555,
        "support": 2240.0
    }
}