{
    "DOWN": {
        "precision": 0.46096654275092935,
        "recall": 0.8175824175824176,
        "f1-score": 0.589540412044374,
        "support": 455.0
    },
    "UP": {
        "precision": 0.5677083333333334,
        "recall": 0.20036764705882354,
        "f1-score": 0.2961956521739131,
        "support": 544.0
    },
    "accuracy": 0.48148148148148145,
    "macro avg": {
        "precision": 0.5143374380421314,
        "recall": 0.5089750323206206,
        "f1-score": 0.44286803210914355,
        "support": 999.0
    },
    "weighted avg": {
        "precision": 0.5190922024874938,
        "recall": 0.48148148148148145,
        "f1-score": 0.4298011233861851,
        "support": 999.0
    }
}