{
    "DOWN": {
        "precision": 0.4593453009503696,
        "recall": 0.9560439560439561,
        "f1-score": 0.6205420827389444,
        "support": 455.0
    },
    "UP": {
        "precision": 0.6153846153846154,
        "recall": 0.058823529411764705,
        "f1-score": 0.10738255033557047,
        "support": 544.0
    },
    "accuracy": 0.4674674674674675,
    "macro avg": {
        "precision": 0.5373649581674925,
        "recall": 0.5074337427278603,
        "f1-score": 0.3639623165372574,
        "support": 999.0
    },
    "weighted avg": {
        "precision": 0.544315658360009,
        "recall": 0.4674674674674675,
        "f1-score": 0.34110385888765765,
        "support": 999.0
    }
}