{
    "DOWN": {
        "precision": 0.49845440494590415,
        "recall": 0.5858310626702997,
        "f1-score": 0.5386221294363256,
        "support": 1101.0
    },
    "UP": {
        "precision": 0.5154091392136025,
        "recall": 0.427689594356261,
        "f1-score": 0.46746987951807234,
        "support": 1134.0
    },
    "accuracy": 0.5055928411633109,
    "macro avg": {
        "precision": 0.5069317720797534,
        "recall": 0.5067603285132803,
        "f1-score": 0.5030460044771989,
        "support": 2235.0
    },
    "weighted avg": {
        "precision": 0.5070569412589109,
        "recall": 0.5055928411633109,
        "f1-score": 0.5025207194106883,
        "support": 2235.0
    }
}