{
    "R2": 0.9595360326155862,
    "RMSE": 20.947591343695173,
    "MSE": 438.801583102453,
    "MAPE": 0.038993924282137896,
    "ACMAPE": 1.043998929287143
}