{
    "R2": 0.9991878210788874,
    "RMSE": 1.599431372925001,
    "MSE": 2.5581807166967536,
    "MAPE": 0.16842102701192285,
    "ACMAPE": 1.1881232034151301
}