{
    "R2": 0.9402939233965749,
    "RMSE": 25.445391004813228,
    "MSE": 647.46792338783,
    "MAPE": 0.04557696904266493,
    "ACMAPE": 1.0485799720456679
}