{
    "R2": 0.9796062191949024,
    "RMSE": 8.018656820879464,
    "MSE": 64.29885721103676,
    "MAPE": 0.5608180254496115,
    "ACMAPE": 1.576997027170782
}