{
    "DOWN": {
        "precision": 0.47244094488188976,
        "recall": 0.3879310344827586,
        "f1-score": 0.42603550295857984,
        "support": 464.0
    },
    "UP": {
        "precision": 0.540453074433657,
        "recall": 0.6242990654205608,
        "f1-score": 0.5793581960104076,
        "support": 535.0
    },
    "accuracy": 0.5145145145145145,
    "macro avg": {
        "precision": 0.5064470096577733,
        "recall": 0.5061150499516597,
        "f1-score": 0.5026968494844937,
        "support": 999.0
    },
    "weighted avg": {
        "precision": 0.5088638571043077,
        "recall": 0.5145145145145145,
        "f1-score": 0.5081452534918409,
        "support": 999.0
    }
}