{
    "DOWN": {
        "precision": 0.5360433604336043,
        "recall": 0.6640555058191585,
        "f1-score": 0.5932220333899829,
        "support": 4468.0
    },
    "UP": {
        "precision": 0.5309375,
        "recall": 0.3981720178111085,
        "f1-score": 0.4550689701352618,
        "support": 4267.0
    },
    "accuracy": 0.5341728677733257,
    "macro avg": {
        "precision": 0.5334904302168022,
        "recall": 0.5311137618151335,
        "f1-score": 0.5241455017626224,
        "support": 8735.0
    },
    "weighted avg": {
        "precision": 0.533549175376914,
        "recall": 0.5341728677733257,
        "f1-score": 0.5257350132517008,
        "support": 8735.0
    }
}