{
    "DOWN": {
        "precision": 0.46444444444444444,
        "recall": 0.4504310344827586,
        "f1-score": 0.45733041575492334,
        "support": 464.0
    },
    "UP": {
        "precision": 0.5355191256830601,
        "recall": 0.5495327102803739,
        "f1-score": 0.5424354243542436,
        "support": 535.0
    },
    "accuracy": 0.5035035035035035,
    "macro avg": {
        "precision": 0.4999817850637523,
        "recall": 0.4999818723815662,
        "f1-score": 0.49988292005458346,
        "support": 999.0
    },
    "weighted avg": {
        "precision": 0.502507461924584,
        "recall": 0.5035035035035035,
        "f1-score": 0.5029071721119167,
        "support": 999.0
    }
}