{
    "DOWN": {
        "precision": 0.47554347826086957,
        "recall": 0.3771551724137931,
        "f1-score": 0.4206730769230769,
        "support": 464.0
    },
    "UP": {
        "precision": 0.5419968304278923,
        "recall": 0.6392523364485981,
        "f1-score": 0.5866209262435678,
        "support": 535.0
    },
    "accuracy": 0.5175175175175175,
    "macro avg": {
        "precision": 0.5087701543443809,
        "recall": 0.5082037544311956,
        "f1-score": 0.5036470015833223,
        "support": 999.0
    },
    "weighted avg": {
        "precision": 0.5111316098017676,
        "recall": 0.5175175175175175,
        "f1-score": 0.5095440472798963,
        "support": 999.0
    }
}