{
    "DOWN": {
        "precision": 0.5513856812933026,
        "recall": 0.42882801975752133,
        "f1-score": 0.48244506188431424,
        "support": 4454.0
    },
    "UP": {
        "precision": 0.5159817351598174,
        "recall": 0.6357243319268636,
        "f1-score": 0.569628229363579,
        "support": 4266.0
    },
    "accuracy": 0.530045871559633,
    "macro avg": {
        "precision": 0.53368370822656,
        "recall": 0.5322761758421924,
        "f1-score": 0.5260366456239467,
        "support": 8720.0
    },
    "weighted avg": {
        "precision": 0.534065356269742,
        "recall": 0.530045871559633,
        "f1-score": 0.5250968270754317,
        "support": 8720.0
    }
}