{
    "DOWN": {
        "precision": 0.5406494960806271,
        "recall": 0.5413769903565822,
        "f1-score": 0.5410129986553116,
        "support": 4459.0
    },
    "UP": {
        "precision": 0.5199530516431925,
        "recall": 0.5192217533989686,
        "f1-score": 0.5195871452029088,
        "support": 4266.0
    },
    "accuracy": 0.5305444126074499,
    "macro avg": {
        "precision": 0.5303012738619097,
        "recall": 0.5302993718777753,
        "f1-score": 0.5303000719291102,
        "support": 8725.0
    },
    "weighted avg": {
        "precision": 0.5305301800955158,
        "recall": 0.5305444126074499,
        "f1-score": 0.5305370455518216,
        "support": 8725.0
    }
}