{
    "R2": 0.9528128093927211,
    "RMSE": 22.6210064003399,
    "MSE": 511.7099305642188,
    "MAPE": 0.05748152887747961,
    "ACMAPE": 1.0284524998484508
}