{
    "DOWN": {
        "precision": 0.508641975308642,
        "recall": 0.13890761968981793,
        "f1-score": 0.21822033898305085,
        "support": 4449.0
    },
    "UP": {
        "precision": 0.4892,
        "recall": 0.860056258790436,
        "f1-score": 0.6236613972463029,
        "support": 4266.0
    },
    "accuracy": 0.4919104991394148,
    "macro avg": {
        "precision": 0.498920987654321,
        "recall": 0.49948193924012696,
        "f1-score": 0.42094086811467685,
        "support": 8715.0
    },
    "weighted avg": {
        "precision": 0.49912511166358553,
        "recall": 0.4919104991394148,
        "f1-score": 0.41668408591948614,
        "support": 8715.0
    }
}