{
    "DOWN": {
        "precision": 0.5019871598899419,
        "recall": 0.367831541218638,
        "f1-score": 0.42456367162249514,
        "support": 4464.0
    },
    "UP": {
        "precision": 0.4830555046711852,
        "recall": 0.6181434599156118,
        "f1-score": 0.5423136246786632,
        "support": 4266.0
    },
    "accuracy": 0.4901489117983963,
    "macro avg": {
        "precision": 0.49252133228056355,
        "recall": 0.4929875005671249,
        "f1-score": 0.48343864815057913,
        "support": 8730.0
    },
    "weighted avg": {
        "precision": 0.49273602115417825,
        "recall": 0.4901489117983963,
        "f1-score": 0.48210333940458133,
        "support": 8730.0
    }
}