{
    "R2": 0.9757965969939614,
    "RMSE": 8.734136803311095,
    "MSE": 76.28514569895337,
    "MAPE": 0.5323016041499756,
    "ACMAPE": 1.4722098610307097
}