{
    "R2": 0.9582898285314275,
    "RMSE": 21.267715863470407,
    "MSE": 452.31573804931077,
    "MAPE": 0.05403755367752614,
    "ACMAPE": 1.0190025186424911
}