{
    "R2": 0.9806237832014902,
    "RMSE": 7.813493613379483,
    "MSE": 61.050682446321964,
    "MAPE": 1.6692797203530483,
    "ACMAPE": 2.6081908951381485
}