{
    "R2": 0.9507892005634183,
    "RMSE": 23.100962336083835,
    "MSE": 533.654460853164,
    "MAPE": 0.054298910114065235,
    "ACMAPE": 1.0472919031070582
}