{
    "DOWN": {
        "precision": 0.47790697674418603,
        "recall": 0.8857758620689655,
        "f1-score": 0.6208459214501509,
        "support": 464.0
    },
    "UP": {
        "precision": 0.6187050359712231,
        "recall": 0.16074766355140188,
        "f1-score": 0.255192878338279,
        "support": 535.0
    },
    "accuracy": 0.4974974974974975,
    "macro avg": {
        "precision": 0.5483060063577045,
        "recall": 0.5232617628101837,
        "f1-score": 0.43801939989421496,
        "support": 999.0
    },
    "weighted avg": {
        "precision": 0.5533093407947014,
        "recall": 0.4974974974974975,
        "f1-score": 0.42502572318703635,
        "support": 999.0
    }
}