{
    "DOWN": {
        "precision": 0.47762998790810157,
        "recall": 0.8512931034482759,
        "f1-score": 0.6119287374128582,
        "support": 464.0
    },
    "UP": {
        "precision": 0.5988372093023255,
        "recall": 0.1925233644859813,
        "f1-score": 0.2913719943422914,
        "support": 535.0
    },
    "accuracy": 0.4984984984984985,
    "macro avg": {
        "precision": 0.5382335986052136,
        "recall": 0.5219082339671286,
        "f1-score": 0.4516503658775748,
        "support": 999.0
    },
    "weighted avg": {
        "precision": 0.5425407621282315,
        "recall": 0.4984984984984985,
        "f1-score": 0.44025921034303517,
        "support": 999.0
    }
}