{
    "R2": 0.9990795443119104,
    "RMSE": 1.702433569773515,
    "MSE": 2.8982800594917935,
    "MAPE": 0.27561887252060924,
    "ACMAPE": 1.2072731369739578
}