{
    "DOWN": {
        "precision": 0.4950980392156863,
        "recall": 0.8128772635814889,
        "f1-score": 0.6153846153846153,
        "support": 497.0
    },
    "UP": {
        "precision": 0.4918032786885246,
        "recall": 0.17928286852589642,
        "f1-score": 0.26277372262773724,
        "support": 502.0
    },
    "accuracy": 0.4944944944944945,
    "macro avg": {
        "precision": 0.49345065895210544,
        "recall": 0.4960800660536927,
        "f1-score": 0.4390791690061763,
        "support": 999.0
    },
    "weighted avg": {
        "precision": 0.4934424138056411,
        "recall": 0.4944944944944945,
        "f1-score": 0.4381967593646426,
        "support": 999.0
    }
}