{
    "DOWN": {
        "precision": 0.4694244604316547,
        "recall": 0.5251509054325956,
        "f1-score": 0.4957264957264958,
        "support": 497.0
    },
    "UP": {
        "precision": 0.4672686230248307,
        "recall": 0.4123505976095618,
        "f1-score": 0.4380952380952381,
        "support": 502.0
    },
    "accuracy": 0.46846846846846846,
    "macro avg": {
        "precision": 0.4683465417282427,
        "recall": 0.4687507515210787,
        "f1-score": 0.4669108669108669,
        "support": 999.0
    },
    "weighted avg": {
        "precision": 0.46834114673973715,
        "recall": 0.46846846846846846,
        "f1-score": 0.4667666445444224,
        "support": 999.0
    }
}