{
    "DOWN": {
        "precision": 0.6029411764705882,
        "recall": 0.08249496981891348,
        "f1-score": 0.14513274336283186,
        "support": 497.0
    },
    "UP": {
        "precision": 0.5102040816326531,
        "recall": 0.9462151394422311,
        "f1-score": 0.6629448709002094,
        "support": 502.0
    },
    "accuracy": 0.5165165165165165,
    "macro avg": {
        "precision": 0.5565726290516206,
        "recall": 0.5143550546305723,
        "f1-score": 0.4040388071315206,
        "support": 999.0
    },
    "weighted avg": {
        "precision": 0.556340554239714,
        "recall": 0.5165165165165165,
        "f1-score": 0.40533463327650904,
        "support": 999.0
    }
}