{
    "R2": 0.952824738145179,
    "RMSE": 5.514157818896513,
    "MSE": 30.40593645169755,
    "MAPE": 0.050436411897711864,
    "ACMAPE": 1.113499474960775
}