{
    "R2": 0.9984998487515383,
    "RMSE": 0.8412935150423805,
    "MSE": 0.707774778452364,
    "MAPE": 0.4247167532339048,
    "ACMAPE": 1.3831827645865284
}