{
    "R2": 0.9672132671787882,
    "RMSE": 4.596964001425107,
    "MSE": 21.132078030398333,
    "MAPE": 0.07564810788876063,
    "ACMAPE": 1.0426150748557275
}