{
    "R2": 0.9983410864445266,
    "RMSE": 0.8847547264543301,
    "MSE": 0.7827909259832765,
    "MAPE": 0.31472922208517584,
    "ACMAPE": 1.2798978392169533
}