{
    "R2": 0.9974446642824696,
    "RMSE": 1.0978475388910816,
    "MSE": 1.2052692186492049,
    "MAPE": 1.4929489235041569,
    "ACMAPE": 2.4471547895805266
}