{
    "R2": 0.9985381440729251,
    "RMSE": 0.8304267406084054,
    "MSE": 0.6896085715174998,
    "MAPE": 0.32436818289246433,
    "ACMAPE": 1.2921904789273408
}