{
    "DOWN": {
        "precision": 0.5277595484971781,
        "recall": 0.5422060409924487,
        "f1-score": 0.5348852677086797,
        "support": 7416.0
    },
    "UP": {
        "precision": 0.5030737704918032,
        "recall": 0.48855721393034823,
        "f1-score": 0.4957092377587077,
        "support": 7035.0
    },
    "accuracy": 0.5160888519825617,
    "macro avg": {
        "precision": 0.5154166594944907,
        "recall": 0.5153816274613985,
        "f1-score": 0.5152972527336936,
        "support": 14451.0
    },
    "weighted avg": {
        "precision": 0.5157420792377627,
        "recall": 0.5160888519825617,
        "f1-score": 0.5158136899148902,
        "support": 14451.0
    }
}