{
    "DOWN": {
        "precision": 0.5293282876064334,
        "recall": 0.4523649103894354,
        "f1-score": 0.4878296882947032,
        "support": 7421.0
    },
    "UP": {
        "precision": 0.4994457445498214,
        "recall": 0.5759943181818182,
        "f1-score": 0.5349957121182136,
        "support": 7040.0
    },
    "accuracy": 0.5125509992393333,
    "macro avg": {
        "precision": 0.5143870160781274,
        "recall": 0.5141796142856268,
        "f1-score": 0.5114127002064583,
        "support": 14461.0
    },
    "weighted avg": {
        "precision": 0.5147806696603335,
        "recall": 0.5125509992393333,
        "f1-score": 0.5107913650610066,
        "support": 14461.0
    }
}