{
    "R2": 0.9864493783979305,
    "RMSE": 2.5279394018817944,
    "MSE": 6.390477619586484,
    "MAPE": 0.6438764480103399,
    "ACMAPE": 1.6187744495316734
}