{
    "DOWN": {
        "precision": 0.5202361531888449,
        "recall": 0.9028039902938797,
        "f1-score": 0.6600956088906411,
        "support": 7418.0
    },
    "UP": {
        "precision": 0.5445356917245736,
        "recall": 0.12247797669792555,
        "f1-score": 0.19997680083516994,
        "support": 7038.0
    },
    "accuracy": 0.5228970669618151,
    "macro avg": {
        "precision": 0.5323859224567092,
        "recall": 0.5126409834959026,
        "f1-score": 0.4300362048629055,
        "support": 14456.0
    },
    "weighted avg": {
        "precision": 0.5320665455667128,
        "recall": 0.5228970669618151,
        "f1-score": 0.4360836988813436,
        "support": 14456.0
    }
}