{
    "R2": 0.9344603325315434,
    "RMSE": 6.499413210222331,
    "MSE": 42.24237207721254,
    "MAPE": 0.05699899129148811,
    "ACMAPE": 1.0680100023024992
}