{
    "DOWN": {
        "precision": 0.5327388874101677,
        "recall": 0.539851652056642,
        "f1-score": 0.5362716859803067,
        "support": 7415.0
    },
    "UP": {
        "precision": 0.5077899596076169,
        "recall": 0.5006400227563647,
        "f1-score": 0.5041896440592996,
        "support": 7031.0
    },
    "accuracy": 0.5207669943236882,
    "macro avg": {
        "precision": 0.5202644235088922,
        "recall": 0.5202458374065033,
        "f1-score": 0.5202306650198032,
        "support": 14446.0
    },
    "weighted avg": {
        "precision": 0.5205960166238092,
        "recall": 0.5207669943236882,
        "f1-score": 0.5206570634725813,
        "support": 14446.0
    }
}