{
    "DOWN": {
        "precision": 0.53141324297614,
        "recall": 0.5076881575397896,
        "f1-score": 0.5192798510036559,
        "support": 7414.0
    },
    "UP": {
        "precision": 0.5039412883935852,
        "recall": 0.5276789526113562,
        "f1-score": 0.5155370177267987,
        "support": 7027.0
    },
    "accuracy": 0.5174156914341113,
    "macro avg": {
        "precision": 0.5176772656848626,
        "recall": 0.517683555075573,
        "f1-score": 0.5174084343652273,
        "support": 14441.0
    },
    "weighted avg": {
        "precision": 0.5180453719941018,
        "recall": 0.5174156914341113,
        "f1-score": 0.5174585858948355,
        "support": 14441.0
    }
}