{
    "R2": 0.960761168091756,
    "RMSE": 5.028981838815602,
    "MSE": 25.29065833513715,
    "MAPE": 0.04807404261055621,
    "ACMAPE": 1.1211471156836292
}