{
    "R2": 0.9638290299350696,
    "RMSE": 4.828387424274969,
    "MSE": 23.31332511889667,
    "MAPE": 0.04761294805525087,
    "ACMAPE": 1.10667200711431
}