{
    "DOWN": {
        "precision": 0.4619883040935672,
        "recall": 0.4768611670020121,
        "f1-score": 0.46930693069306934,
        "support": 497.0
    },
    "UP": {
        "precision": 0.46502057613168724,
        "recall": 0.450199203187251,
        "f1-score": 0.4574898785425101,
        "support": 502.0
    },
    "accuracy": 0.46346346346346345,
    "macro avg": {
        "precision": 0.46350444011262726,
        "recall": 0.4635301850946315,
        "f1-score": 0.4633984046177897,
        "support": 999.0
    },
    "weighted avg": {
        "precision": 0.4635120283809909,
        "recall": 0.46346346346346345,
        "f1-score": 0.4633688324152107,
        "support": 999.0
    }
}