{
    "DOWN": {
        "precision": 0.4673469387755102,
        "recall": 0.4607645875251509,
        "f1-score": 0.46403242147922996,
        "support": 497.0
    },
    "UP": {
        "precision": 0.47347740667976423,
        "recall": 0.4800796812749004,
        "f1-score": 0.47675568743818003,
        "support": 502.0
    },
    "accuracy": 0.47047047047047047,
    "macro avg": {
        "precision": 0.47041217272763725,
        "recall": 0.47042213440002567,
        "f1-score": 0.47039405445870497,
        "support": 999.0
    },
    "weighted avg": {
        "precision": 0.4704275142389091,
        "recall": 0.47047047047047047,
        "f1-score": 0.47042589446360733,
        "support": 999.0
    }
}