{
    "DOWN": {
        "precision": 0.49283667621776506,
        "recall": 0.7303609341825902,
        "f1-score": 0.5885372112917023,
        "support": 471.0
    },
    "UP": {
        "precision": 0.5780730897009967,
        "recall": 0.32954545454545453,
        "f1-score": 0.4197828709288299,
        "support": 528.0
    },
    "accuracy": 0.5185185185185185,
    "macro avg": {
        "precision": 0.5354548829593808,
        "recall": 0.5299531943640223,
        "f1-score": 0.5041600411102661,
        "support": 999.0
    },
    "weighted avg": {
        "precision": 0.5378865524131067,
        "recall": 0.5185185185185185,
        "f1-score": 0.4993457280969109,
        "support": 999.0
    }
}