{
    "DOWN": {
        "precision": 0.4755244755244755,
        "recall": 0.08316347329800244,
        "f1-score": 0.14156835530881332,
        "support": 4906.0
    },
    "UP": {
        "precision": 0.4906002265005662,
        "recall": 0.9058971141781681,
        "f1-score": 0.6364972083455774,
        "support": 4782.0
    },
    "accuracy": 0.48926507018992565,
    "macro avg": {
        "precision": 0.4830623510125209,
        "recall": 0.49453029373808527,
        "f1-score": 0.38903278182719536,
        "support": 9688.0
    },
    "weighted avg": {
        "precision": 0.4829658711858778,
        "recall": 0.48926507018992565,
        "f1-score": 0.3858654006454985,
        "support": 9688.0
    }
}