{
    "R2": 0.9617440078131088,
    "RMSE": 7.555130041672884,
    "MSE": 57.07998994658811,
    "MAPE": 0.042303655766555794,
    "ACMAPE": 1.0212826347455346
}