{
    "R2": 0.9990633342104399,
    "RMSE": 0.3558443384530748,
    "MSE": 0.12662519320910645,
    "MAPE": 0.050778587991571915,
    "ACMAPE": 1.0669758437431451
}