{
    "R2": 0.9838902666109556,
    "RMSE": 4.902712036396677,
    "MSE": 24.036585311828855,
    "MAPE": 0.028090094914415723,
    "ACMAPE": 0.9930550598793807
}