{
    "DOWN": {
        "precision": 0.4948012232415902,
        "recall": 0.16483292583537082,
        "f1-score": 0.2472871771358704,
        "support": 4908.0
    },
    "UP": {
        "precision": 0.49131298088855796,
        "recall": 0.8273772204806688,
        "f1-score": 0.6165226193257027,
        "support": 4785.0
    },
    "accuracy": 0.49190137212421337,
    "macro avg": {
        "precision": 0.4930571020650741,
        "recall": 0.49610507315801977,
        "f1-score": 0.4319048982307866,
        "support": 9693.0
    },
    "weighted avg": {
        "precision": 0.4930792342124703,
        "recall": 0.49190137212421337,
        "f1-score": 0.42956217877399555,
        "support": 9693.0
    }
}