{
    "DOWN": {
        "precision": 0.4835294117647059,
        "recall": 0.8726114649681529,
        "f1-score": 0.6222558667676004,
        "support": 471.0
    },
    "UP": {
        "precision": 0.5973154362416108,
        "recall": 0.16856060606060605,
        "f1-score": 0.26292466765140327,
        "support": 528.0
    },
    "accuracy": 0.5005005005005005,
    "macro avg": {
        "precision": 0.5404224240031583,
        "recall": 0.5205860355143794,
        "f1-score": 0.4425902672095018,
        "support": 999.0
    },
    "weighted avg": {
        "precision": 0.5436685718485956,
        "recall": 0.5005005005005005,
        "f1-score": 0.43233907684432504,
        "support": 999.0
    }
}