{
    "R2": 0.9625823779416514,
    "RMSE": 7.4718870975322575,
    "MSE": 55.82909679826903,
    "MAPE": 0.04147354624376952,
    "ACMAPE": 1.0084405132107364
}