{
    "DOWN": {
        "precision": 0.493116395494368,
        "recall": 0.8365180467091295,
        "f1-score": 0.620472440944882,
        "support": 471.0
    },
    "UP": {
        "precision": 0.615,
        "recall": 0.23295454545454544,
        "f1-score": 0.3379120879120879,
        "support": 528.0
    },
    "accuracy": 0.5175175175175175,
    "macro avg": {
        "precision": 0.554058197747184,
        "recall": 0.5347362960818375,
        "f1-score": 0.47919226442848495,
        "support": 999.0
    },
    "weighted avg": {
        "precision": 0.5575353576354828,
        "recall": 0.5175175175175175,
        "f1-score": 0.4711312333359577,
        "support": 999.0
    }
}