{
    "DOWN": {
        "precision": 0.517342377061816,
        "recall": 0.6826688364524003,
        "f1-score": 0.5886170306059809,
        "support": 4916.0
    },
    "UP": {
        "precision": 0.5149253731343284,
        "recall": 0.3459369124712764,
        "f1-score": 0.4138448081969262,
        "support": 4787.0
    },
    "accuracy": 0.5165412758940534,
    "macro avg": {
        "precision": 0.5161338750980722,
        "recall": 0.5143028744618383,
        "f1-score": 0.5012309194014536,
        "support": 9703.0
    },
    "weighted avg": {
        "precision": 0.5161499419591794,
        "recall": 0.5165412758940534,
        "f1-score": 0.5023927052764803,
        "support": 9703.0
    }
}