{
    "R2": 0.9988309593834193,
    "RMSE": 0.39761397931539266,
    "MSE": 0.1580968765470215,
    "MAPE": 0.14024899499567808,
    "ACMAPE": 1.1617188546158266
}