{
    "R2": 0.9645223776547601,
    "RMSE": 7.275610853313298,
    "MSE": 52.934513288850255,
    "MAPE": 0.041116921080248774,
    "ACMAPE": 1.0401159200792476
}