{
    "DOWN": {
        "precision": 0.48933649289099523,
        "recall": 0.8768577494692145,
        "f1-score": 0.6281368821292774,
        "support": 471.0
    },
    "UP": {
        "precision": 0.6258064516129033,
        "recall": 0.18371212121212122,
        "f1-score": 0.2840409956076135,
        "support": 528.0
    },
    "accuracy": 0.5105105105105106,
    "macro avg": {
        "precision": 0.5575714722519493,
        "recall": 0.5302849353406678,
        "f1-score": 0.4560889388684455,
        "support": 999.0
    },
    "weighted avg": {
        "precision": 0.5614647593626343,
        "recall": 0.5105105105105106,
        "f1-score": 0.4462723895532628,
        "support": 999.0
    }
}