{
    "R2": 0.889961848194771,
    "RMSE": 12.813384326533813,
    "MSE": 164.18281789946235,
    "MAPE": 0.07437743199732966,
    "ACMAPE": 1.0373403949602926
}