{
    "DOWN": {
        "precision": 0.486159169550173,
        "recall": 0.057206840390879476,
        "f1-score": 0.10236794171220401,
        "support": 4912.0
    },
    "UP": {
        "precision": 0.49221491228070174,
        "recall": 0.937944003343084,
        "f1-score": 0.6456205954264347,
        "support": 4786.0
    },
    "accuracy": 0.4918539905135079,
    "macro avg": {
        "precision": 0.4891870409154374,
        "recall": 0.4975754218669818,
        "f1-score": 0.37399426856931933,
        "support": 9698.0
    },
    "weighted avg": {
        "precision": 0.48914770169167743,
        "recall": 0.4918539905135079,
        "f1-score": 0.37046519894836694,
        "support": 9698.0
    }
}