{
    "DOWN": {
        "precision": 0.4925373134328358,
        "recall": 0.8407643312101911,
        "f1-score": 0.6211764705882352,
        "support": 471.0
    },
    "UP": {
        "precision": 0.6153846153846154,
        "recall": 0.22727272727272727,
        "f1-score": 0.33195020746887965,
        "support": 528.0
    },
    "accuracy": 0.5165165165165165,
    "macro avg": {
        "precision": 0.5539609644087256,
        "recall": 0.5340185292414592,
        "f1-score": 0.4765633390285574,
        "support": 999.0
    },
    "weighted avg": {
        "precision": 0.5574656171671097,
        "recall": 0.5165165165165165,
        "f1-score": 0.46831213932995724,
        "support": 999.0
    }
}