{
    "DOWN": {
        "precision": 0.48,
        "recall": 0.06834825061025224,
        "f1-score": 0.11965811965811966,
        "support": 4916.0
    },
    "UP": {
        "precision": 0.49156305506216696,
        "recall": 0.9240400667779632,
        "f1-score": 0.6417391304347826,
        "support": 4792.0
    },
    "accuracy": 0.4907292954264524,
    "macro avg": {
        "precision": 0.4857815275310835,
        "recall": 0.49619415869410777,
        "f1-score": 0.38069862504645113,
        "support": 9708.0
    },
    "weighted avg": {
        "precision": 0.485707680249063,
        "recall": 0.4907292954264524,
        "f1-score": 0.3773643623076632,
        "support": 9708.0
    }
}