{
    "R2": 0.9991359547980173,
    "RMSE": 0.341647040713167,
    "MSE": 0.11672270042806437,
    "MAPE": 0.048246398020307064,
    "ACMAPE": 1.0151638462322004
}