{
    "R2": 0.9924927064970646,
    "RMSE": 1.006866911812482,
    "MSE": 1.0137809781028042,
    "MAPE": 0.9768034636082847,
    "ACMAPE": 1.99534487275538
}