{
    "R2": 0.9991723467392013,
    "RMSE": 0.3344358666832278,
    "MSE": 0.11184734892416172,
    "MAPE": 0.17535380643637802,
    "ACMAPE": 1.191645825409362
}