{
    "DOWN": {
        "precision": 0.5026254375729288,
        "recall": 0.6311355311355311,
        "f1-score": 0.559597271841507,
        "support": 2730.0
    },
    "UP": {
        "precision": 0.5234264079507809,
        "recall": 0.3934542867307008,
        "f1-score": 0.44922826969943136,
        "support": 2811.0
    },
    "accuracy": 0.5105576610720086,
    "macro avg": {
        "precision": 0.5130259227618548,
        "recall": 0.5122949089331159,
        "f1-score": 0.5044127707704692,
        "support": 5541.0
    },
    "weighted avg": {
        "precision": 0.513177960173929,
        "recall": 0.5105576610720086,
        "f1-score": 0.5036060671814502,
        "support": 5541.0
    }
}