{
    "R2": 0.9963468280082091,
    "RMSE": 1.3501807325137638,
    "MSE": 1.8229880104514038,
    "MAPE": 0.40406847930576667,
    "ACMAPE": 1.3741369971564699
}