{
    "DOWN": {
        "precision": 0.532258064516129,
        "recall": 0.13692946058091288,
        "f1-score": 0.21782178217821785,
        "support": 482.0
    },
    "UP": {
        "precision": 0.5245714285714286,
        "recall": 0.8878143133462283,
        "f1-score": 0.6594827586206897,
        "support": 517.0
    },
    "accuracy": 0.5255255255255256,
    "macro avg": {
        "precision": 0.5284147465437787,
        "recall": 0.5123718869635706,
        "f1-score": 0.43865227039945376,
        "support": 999.0
    },
    "weighted avg": {
        "precision": 0.5282800957639667,
        "recall": 0.5255255255255256,
        "f1-score": 0.4463890742910887,
        "support": 999.0
    }
}