{
    "DOWN": {
        "precision": 0.4931740614334471,
        "recall": 0.5995850622406639,
        "f1-score": 0.5411985018726592,
        "support": 482.0
    },
    "UP": {
        "precision": 0.5326876513317191,
        "recall": 0.425531914893617,
        "f1-score": 0.4731182795698925,
        "support": 517.0
    },
    "accuracy": 0.5095095095095095,
    "macro avg": {
        "precision": 0.5129308563825832,
        "recall": 0.5125584885671405,
        "f1-score": 0.5071583907212758,
        "support": 999.0
    },
    "weighted avg": {
        "precision": 0.5136230363858061,
        "recall": 0.5095095095095095,
        "f1-score": 0.5059657942344906,
        "support": 999.0
    }
}