{
    "DOWN": {
        "precision": 0.5060240963855421,
        "recall": 0.7363038714390066,
        "f1-score": 0.5998214817018743,
        "support": 2738.0
    },
    "UP": {
        "precision": 0.5407124681933843,
        "recall": 0.3016323633782825,
        "f1-score": 0.38724373576309795,
        "support": 2818.0
    },
    "accuracy": 0.5158387329013678,
    "macro avg": {
        "precision": 0.5233682822894632,
        "recall": 0.5189681174086445,
        "f1-score": 0.49353260873248617,
        "support": 5556.0
    },
    "weighted avg": {
        "precision": 0.5236180185875758,
        "recall": 0.5158387329013678,
        "f1-score": 0.49200217139671376,
        "support": 5556.0
    }
}