{
    "DOWN": {
        "precision": 0.5053763440860215,
        "recall": 0.03436928702010969,
        "f1-score": 0.06436152002738789,
        "support": 2735.0
    },
    "UP": {
        "precision": 0.5077353215284249,
        "recall": 0.9673295454545454,
        "f1-score": 0.6659332599926658,
        "support": 2816.0
    },
    "accuracy": 0.5076562781480815,
    "macro avg": {
        "precision": 0.5065558328072233,
        "recall": 0.5008494162373276,
        "f1-score": 0.3651473900100269,
        "support": 5551.0
    },
    "weighted avg": {
        "precision": 0.5065730438658465,
        "recall": 0.5076562781480815,
        "f1-score": 0.36953644702112287,
        "support": 5551.0
    }
}