{
    "DOWN": {
        "precision": 0.48289473684210527,
        "recall": 0.7614107883817427,
        "f1-score": 0.5909822866344606,
        "support": 482.0
    },
    "UP": {
        "precision": 0.5188284518828452,
        "recall": 0.23984526112185686,
        "f1-score": 0.328042328042328,
        "support": 517.0
    },
    "accuracy": 0.4914914914914915,
    "macro avg": {
        "precision": 0.5008615943624752,
        "recall": 0.5006280247517998,
        "f1-score": 0.4595123073383943,
        "support": 999.0
    },
    "weighted avg": {
        "precision": 0.5014910638451708,
        "recall": 0.4914914914914915,
        "f1-score": 0.45490625200770135,
        "support": 999.0
    }
}