{
    "R2": 0.996664578754672,
    "RMSE": 1.2904690262501368,
    "MSE": 1.6653103077109763,
    "MAPE": 0.33692587217872666,
    "ACMAPE": 1.3158105500347095
}