{
    "R2": 0.9953008444066531,
    "RMSE": 1.53213665630033,
    "MSE": 2.3474427335791557,
    "MAPE": 0.3239889248358761,
    "ACMAPE": 1.2806363236798066
}