{
    "DOWN": {
        "precision": 0.48137931034482756,
        "recall": 0.7240663900414938,
        "f1-score": 0.5782932891466446,
        "support": 482.0
    },
    "UP": {
        "precision": 0.5145985401459854,
        "recall": 0.2727272727272727,
        "f1-score": 0.35651074589127685,
        "support": 517.0
    },
    "accuracy": 0.4904904904904905,
    "macro avg": {
        "precision": 0.4979889252454065,
        "recall": 0.49839683138438323,
        "f1-score": 0.4674020175189607,
        "support": 999.0
    },
    "weighted avg": {
        "precision": 0.49857084368536664,
        "recall": 0.4904904904904905,
        "f1-score": 0.4635169379324052,
        "support": 999.0
    }
}