{
    "R2": 0.995054119947082,
    "RMSE": 1.5701747464664766,
    "MSE": 2.4654487344410643,
    "MAPE": 0.4015611717441236,
    "ACMAPE": 1.369883705941388
}