{
    "R2": 0.9923439123399015,
    "RMSE": 1.9540918523737396,
    "MSE": 3.8184749675134326,
    "MAPE": 0.9180483538928359,
    "ACMAPE": 1.902735797596673
}