{
    "DOWN": {
        "precision": 0.5056209150326797,
        "recall": 0.7076472740578119,
        "f1-score": 0.589813967673071,
        "support": 2733.0
    },
    "UP": {
        "precision": 0.5357350377687391,
        "recall": 0.3277639530750089,
        "f1-score": 0.40670489633877366,
        "support": 2813.0
    },
    "accuracy": 0.5149657410746484,
    "macro avg": {
        "precision": 0.5206779764007095,
        "recall": 0.5177056135664104,
        "f1-score": 0.4982594320059224,
        "support": 5546.0
    },
    "weighted avg": {
        "precision": 0.5208951716602555,
        "recall": 0.5149657410746484,
        "f1-score": 0.49693877516254475,
        "support": 5546.0
    }
}