{
    "R2": 0.9639357260193804,
    "RMSE": 6.012021314411982,
    "MSE": 36.14440028494397,
    "MAPE": 0.0403076732051798,
    "ACMAPE": 0.9892566221541287
}