{
    "R2": 0.8835697332265252,
    "RMSE": 10.802265843078088,
    "MSE": 116.68894734453154,
    "MAPE": 0.05822900027307608,
    "ACMAPE": 1.075246017290093
}