{
    "R2": 0.9400397455104642,
    "RMSE": 7.751997937450932,
    "MSE": 60.0934720222435,
    "MAPE": 0.045801817948384595,
    "ACMAPE": 1.0267827989293656
}