{
    "R2": 0.9213207704524585,
    "RMSE": 8.879979517120484,
    "MSE": 78.85403622447934,
    "MAPE": 0.05065981809334825,
    "ACMAPE": 1.0436528110863412
}