{
    "DOWN": {
        "precision": 0.4889589905362776,
        "recall": 0.6431535269709544,
        "f1-score": 0.5555555555555556,
        "support": 482.0
    },
    "UP": {
        "precision": 0.5287671232876713,
        "recall": 0.3733075435203095,
        "f1-score": 0.4376417233560091,
        "support": 517.0
    },
    "accuracy": 0.5035035035035035,
    "macro avg": {
        "precision": 0.5088630569119744,
        "recall": 0.508230535245632,
        "f1-score": 0.4965986394557823,
        "support": 999.0
    },
    "weighted avg": {
        "precision": 0.5095603965747867,
        "recall": 0.5035035035035035,
        "f1-score": 0.49453308183466915,
        "support": 999.0
    }
}