{
    "R2": 0.8989682652671179,
    "RMSE": 10.062614143469371,
    "MSE": 101.25620340034983,
    "MAPE": 0.05469840150993052,
    "ACMAPE": 1.0737174205289495
}