{
    "DOWN": {
        "precision": 0.514656771799629,
        "recall": 0.5086175284195086,
        "f1-score": 0.5116193286610107,
        "support": 2727.0
    },
    "UP": {
        "precision": 0.5283350932770151,
        "recall": 0.5343538625845496,
        "f1-score": 0.5313274336283187,
        "support": 2809.0
    },
    "accuracy": 0.5216763005780347,
    "macro avg": {
        "precision": 0.521495932538322,
        "recall": 0.5214856955020291,
        "f1-score": 0.5214733811446647,
        "support": 5536.0
    },
    "weighted avg": {
        "precision": 0.5215972351359689,
        "recall": 0.5216763005780347,
        "f1-score": 0.5216193407370887,
        "support": 5536.0
    }
}