{
    "DOWN": {
        "precision": 1.0,
        "recall": 0.0005583472920156337,
        "f1-score": 0.0011160714285714285,
        "support": 1791.0
    },
    "UP": {
        "precision": 0.5199785465272191,
        "recall": 1.0,
        "f1-score": 0.6841919548341566,
        "support": 1939.0
    },
    "accuracy": 0.5201072386058981,
    "macro avg": {
        "precision": 0.7599892732636095,
        "recall": 0.5002791736460078,
        "f1-score": 0.342654013131364,
        "support": 3730.0
    },
    "weighted avg": {
        "precision": 0.7504660594413612,
        "recall": 0.5201072386058981,
        "f1-score": 0.3562056526412871,
        "support": 3730.0
    }
}