{
    "R2": 0.9325499822274306,
    "RMSE": 7.229934680705283,
    "MSE": 52.271955487265004,
    "MAPE": 0.047883928036525414,
    "ACMAPE": 1.0749109550635523
}