{
    "R2": 0.9277994680925788,
    "RMSE": 7.480205651177449,
    "MSE": 55.95347658390704,
    "MAPE": 0.04911118651506988,
    "ACMAPE": 1.074136211540095
}