{
    "R2": 0.9690290984543194,
    "RMSE": 4.8356362411191345,
    "MSE": 23.38337785642479,
    "MAPE": 0.04263596164964372,
    "ACMAPE": 0.9855789045925867
}