{
    "DOWN": {
        "precision": 0.4777777777777778,
        "recall": 0.9188034188034188,
        "f1-score": 0.628654970760234,
        "support": 468.0
    },
    "UP": {
        "precision": 0.6161616161616161,
        "recall": 0.11487758945386065,
        "f1-score": 0.19365079365079366,
        "support": 531.0
    },
    "accuracy": 0.4914914914914915,
    "macro avg": {
        "precision": 0.546969696969697,
        "recall": 0.5168405041286397,
        "f1-score": 0.4111528822055138,
        "support": 999.0
    },
    "weighted avg": {
        "precision": 0.5513331513331513,
        "recall": 0.4914914914914915,
        "f1-score": 0.3974365342786396,
        "support": 999.0
    }
}