{
    "R2": 0.9302364205274269,
    "RMSE": 7.257567399907457,
    "MSE": 52.672284564199494,
    "MAPE": 0.047844137238764774,
    "ACMAPE": 1.0548511442457718
}