{
    "DOWN": {
        "precision": 0.47990762124711317,
        "recall": 0.5814213766088416,
        "f1-score": 0.5258097165991903,
        "support": 1787.0
    },
    "UP": {
        "precision": 0.5189710610932476,
        "recall": 0.4174857734092085,
        "f1-score": 0.46272935779816515,
        "support": 1933.0
    },
    "accuracy": 0.4962365591397849,
    "macro avg": {
        "precision": 0.4994393411701804,
        "recall": 0.4994535750090251,
        "f1-score": 0.4942695371986777,
        "support": 3720.0
    },
    "weighted avg": {
        "precision": 0.5002059086725373,
        "recall": 0.4962365591397849,
        "f1-score": 0.49303166994263614,
        "support": 3720.0
    }
}