{
    "R2": 0.9977745672348984,
    "RMSE": 0.7385910578897508,
    "MSE": 0.5455167507947012,
    "MAPE": 0.024153084257786846,
    "ACMAPE": 1.0349057724298298
}