{
    "R2": 0.9288532910532856,
    "RMSE": 7.425415277383155,
    "MSE": 55.13679204159515,
    "MAPE": 0.05011118807376385,
    "ACMAPE": 1.091152229114805
}