{
    "R2": 0.9069940341994155,
    "RMSE": 8.379770091907279,
    "MSE": 70.22054679322372,
    "MAPE": 0.05563296003817104,
    "ACMAPE": 1.072649977055188
}