{
    "DOWN": {
        "precision": 0.47201492537313433,
        "recall": 0.4247341913822048,
        "f1-score": 0.4471281296023564,
        "support": 1787.0
    },
    "UP": {
        "precision": 0.5121025154247746,
        "recall": 0.5596473029045643,
        "f1-score": 0.5348203221809169,
        "support": 1928.0
    },
    "accuracy": 0.49475100942126515,
    "macro avg": {
        "precision": 0.4920587203989545,
        "recall": 0.49219074714338457,
        "f1-score": 0.49097422589163664,
        "support": 3715.0
    },
    "weighted avg": {
        "precision": 0.49281946739724264,
        "recall": 0.49475100942126515,
        "f1-score": 0.4926383711343792,
        "support": 3715.0
    }
}