{
    "DOWN": {
        "precision": 0.49606299212598426,
        "recall": 0.40384615384615385,
        "f1-score": 0.4452296819787986,
        "support": 468.0
    },
    "UP": {
        "precision": 0.5485436893203883,
        "recall": 0.6384180790960452,
        "f1-score": 0.5900783289817232,
        "support": 531.0
    },
    "accuracy": 0.5285285285285285,
    "macro avg": {
        "precision": 0.5223033407231863,
        "recall": 0.5211321164710996,
        "f1-score": 0.5176540054802609,
        "support": 999.0
    },
    "weighted avg": {
        "precision": 0.5239581374815684,
        "recall": 0.5285285285285285,
        "f1-score": 0.5222213051605332,
        "support": 999.0
    }
}