{
    "R2": 0.9975645334902075,
    "RMSE": 0.7719278879010754,
    "MSE": 0.5958726641194151,
    "MAPE": 0.027128108864105212,
    "ACMAPE": 1.0346752786754259
}