{
    "DOWN": {
        "precision": 1.0,
        "recall": 0.0005571030640668524,
        "f1-score": 0.00111358574610245,
        "support": 1795.0
    },
    "UP": {
        "precision": 0.5189058728881738,
        "recall": 1.0,
        "f1-score": 0.6832627118644068,
        "support": 1935.0
    },
    "accuracy": 0.5190348525469168,
    "macro avg": {
        "precision": 0.759452936444087,
        "recall": 0.5002785515320334,
        "f1-score": 0.3421881488052546,
        "support": 3730.0
    },
    "weighted avg": {
        "precision": 0.7504243603320687,
        "recall": 0.5190348525469168,
        "f1-score": 0.35498987503267593,
        "support": 3730.0
    }
}