{
    "R2": 0.9976074453805396,
    "RMSE": 0.7777016825542291,
    "MSE": 0.604819907047679,
    "MAPE": 0.027456655986193814,
    "ACMAPE": 1.0379546371436634
}