{
    "DOWN": {
        "precision": 0.4711815561959654,
        "recall": 0.3655673560648407,
        "f1-score": 0.4117091595845137,
        "support": 1789.0
    },
    "UP": {
        "precision": 0.5111972437553833,
        "recall": 0.6179073399271213,
        "f1-score": 0.5595097808154609,
        "support": 1921.0
    },
    "accuracy": 0.4962264150943396,
    "macro avg": {
        "precision": 0.49118939997567435,
        "recall": 0.491737347995981,
        "f1-score": 0.4856094701999873,
        "support": 3710.0
    },
    "weighted avg": {
        "precision": 0.49190126935004674,
        "recall": 0.4962264150943396,
        "f1-score": 0.48823880739708775,
        "support": 3710.0
    }
}