{
    "DOWN": {
        "precision": 0.4801812004530011,
        "recall": 0.905982905982906,
        "f1-score": 0.6276831976313841,
        "support": 468.0
    },
    "UP": {
        "precision": 0.6206896551724138,
        "recall": 0.13559322033898305,
        "f1-score": 0.22256568778979907,
        "support": 531.0
    },
    "accuracy": 0.4964964964964965,
    "macro avg": {
        "precision": 0.5504354278127075,
        "recall": 0.5207880631609445,
        "f1-score": 0.4251244427105916,
        "support": 999.0
    },
    "weighted avg": {
        "precision": 0.5548658745831394,
        "recall": 0.4964964964964965,
        "f1-score": 0.41235046717504614,
        "support": 999.0
    }
}