{
    "DOWN": {
        "precision": 0.48081841432225064,
        "recall": 0.40869565217391307,
        "f1-score": 0.4418331374853114,
        "support": 460.0
    },
    "UP": {
        "precision": 0.5526315789473685,
        "recall": 0.6233766233766234,
        "f1-score": 0.5858761987794247,
        "support": 539.0
    },
    "accuracy": 0.5245245245245245,
    "macro avg": {
        "precision": 0.5167249966348095,
        "recall": 0.5160361377752682,
        "f1-score": 0.513854668132368,
        "support": 999.0
    },
    "weighted avg": {
        "precision": 0.5195644560969639,
        "recall": 0.5245245245245245,
        "f1-score": 0.519550064449803,
        "support": 999.0
    }
}