{
    "R2": 0.9480858992932527,
    "RMSE": 6.342872871815911,
    "MSE": 40.23203626801822,
    "MAPE": 0.04307389035552089,
    "ACMAPE": 1.0660969133785438
}