{
    "R2": 0.997907505443689,
    "RMSE": 0.7280102957726979,
    "MSE": 0.5299989907510512,
    "MAPE": 0.02374798341312346,
    "ACMAPE": 1.0315332183124524
}