{
    "DOWN": {
        "precision": 0.4697833523375142,
        "recall": 0.8956521739130435,
        "f1-score": 0.6163051608077785,
        "support": 460.0
    },
    "UP": {
        "precision": 0.6065573770491803,
        "recall": 0.137291280148423,
        "f1-score": 0.2239031770045386,
        "support": 539.0
    },
    "accuracy": 0.4864864864864865,
    "macro avg": {
        "precision": 0.5381703646933473,
        "recall": 0.5164717270307333,
        "f1-score": 0.42010416890615854,
        "support": 999.0
    },
    "weighted avg": {
        "precision": 0.5435783466514161,
        "recall": 0.4864864864864865,
        "f1-score": 0.4045887751521766,
        "support": 999.0
    }
}