{
    "R2": 0.9352077531965863,
    "RMSE": 6.994202790128505,
    "MSE": 48.91887266944136,
    "MAPE": 0.047050347564995564,
    "ACMAPE": 1.0640673645820125
}