{
    "DOWN": {
        "precision": 0.48089171974522293,
        "recall": 0.5055803571428571,
        "f1-score": 0.4929270946681175,
        "support": 1792.0
    },
    "UP": {
        "precision": 0.518739815317762,
        "recall": 0.49405069839627525,
        "f1-score": 0.5060943296237413,
        "support": 1933.0
    },
    "accuracy": 0.4995973154362416,
    "macro avg": {
        "precision": 0.4998157675314925,
        "recall": 0.49981552776956617,
        "f1-score": 0.49951071214592946,
        "support": 3725.0
    },
    "weighted avg": {
        "precision": 0.500532087192664,
        "recall": 0.4995973154362416,
        "f1-score": 0.4997599175323379,
        "support": 3725.0
    }
}