{
    "R2": 0.9978406644397196,
    "RMSE": 0.7279054338442896,
    "MSE": 0.5298463206200436,
    "MAPE": 0.024014966090504748,
    "ACMAPE": 1.0248203352180214
}