{
    "R2": 0.9978036565379992,
    "RMSE": 0.74548651322095,
    "MSE": 0.5557501413943298,
    "MAPE": 0.02404166429086846,
    "ACMAPE": 1.0315685460112987
}