{
    "R2": 0.9679426655716626,
    "RMSE": 4.984332929076505,
    "MSE": 24.84357474787637,
    "MAPE": 0.04305235941363333,
    "ACMAPE": 0.9940033103645843
}