{
    "DOWN": {
        "precision": 0.47794117647058826,
        "recall": 0.4355108877721943,
        "f1-score": 0.45574057843996496,
        "support": 1791.0
    },
    "UP": {
        "precision": 0.514642342774844,
        "recall": 0.5571725571725572,
        "f1-score": 0.5350636386323933,
        "support": 1924.0
    },
    "accuracy": 0.4985195154777927,
    "macro avg": {
        "precision": 0.4962917596227161,
        "recall": 0.49634172247237573,
        "f1-score": 0.4954021085361791,
        "support": 3715.0
    },
    "weighted avg": {
        "precision": 0.49694872531833745,
        "recall": 0.4985195154777927,
        "f1-score": 0.49682202334177705,
        "support": 3715.0
    }
}