{
    "DOWN": {
        "precision": 0.4794646977388094,
        "recall": 0.5801228364042434,
        "f1-score": 0.5250126326427488,
        "support": 1791.0
    },
    "UP": {
        "precision": 0.5157759175788796,
        "recall": 0.4152410575427683,
        "f1-score": 0.46008041355542795,
        "support": 1929.0
    },
    "accuracy": 0.4946236559139785,
    "macro avg": {
        "precision": 0.4976203076588445,
        "recall": 0.4976819469735059,
        "f1-score": 0.49254652309908836,
        "support": 3720.0
    },
    "weighted avg": {
        "precision": 0.49829382222039426,
        "recall": 0.4946236559139785,
        "f1-score": 0.49134213516440417,
        "support": 3720.0
    }
}