{
    "R2": 0.9160826102309123,
    "RMSE": 4.612562314725588,
    "MSE": 21.275731107226676,
    "MAPE": 0.3328731487497894,
    "ACMAPE": 1.292658671537993
}