{
    "R2": 0.9481353735766197,
    "RMSE": 6.257665248440654,
    "MSE": 39.15837436154183,
    "MAPE": 0.042690896646386985,
    "ACMAPE": 1.049697903653394
}