{
    "DOWN": {
        "precision": 0.46710526315789475,
        "recall": 0.9260869565217391,
        "f1-score": 0.6209912536443148,
        "support": 460.0
    },
    "UP": {
        "precision": 0.6091954022988506,
        "recall": 0.09833024118738404,
        "f1-score": 0.1693290734824281,
        "support": 539.0
    },
    "accuracy": 0.4794794794794795,
    "macro avg": {
        "precision": 0.5381503327283726,
        "recall": 0.5122085988545616,
        "f1-score": 0.39516016356337147,
        "support": 999.0
    },
    "weighted avg": {
        "precision": 0.5437685114031151,
        "recall": 0.4794794794794795,
        "f1-score": 0.3773016489323459,
        "support": 999.0
    }
}