{
    "R2": 0.997599651518491,
    "RMSE": 0.7786101862518708,
    "MSE": 0.606233822135173,
    "MAPE": 0.026947752341976664,
    "ACMAPE": 1.0296431701317343
}