{
    "DOWN": {
        "precision": 0.4778761061946903,
        "recall": 0.9230769230769231,
        "f1-score": 0.6297376093294461,
        "support": 468.0
    },
    "UP": {
        "precision": 0.6210526315789474,
        "recall": 0.1111111111111111,
        "f1-score": 0.18849840255591055,
        "support": 531.0
    },
    "accuracy": 0.4914914914914915,
    "macro avg": {
        "precision": 0.5494643688868188,
        "recall": 0.5170940170940171,
        "f1-score": 0.40911800594267833,
        "support": 999.0
    },
    "weighted avg": {
        "precision": 0.5539789440115477,
        "recall": 0.4914914914914915,
        "f1-score": 0.3952050579813506,
        "support": 999.0
    }
}