{
    "DOWN": {
        "precision": 0.4799081515499426,
        "recall": 0.8931623931623932,
        "f1-score": 0.6243465272591485,
        "support": 468.0
    },
    "UP": {
        "precision": 0.609375,
        "recall": 0.14689265536723164,
        "f1-score": 0.23672230652503792,
        "support": 531.0
    },
    "accuracy": 0.4964964964964965,
    "macro avg": {
        "precision": 0.5446415757749713,
        "recall": 0.5200275242648125,
        "f1-score": 0.4305344168920932,
        "support": 999.0
    },
    "weighted avg": {
        "precision": 0.5487238637891624,
        "recall": 0.4964964964964965,
        "f1-score": 0.4183120315536303,
        "support": 999.0
    }
}