{
    "DOWN": {
        "precision": 0.476010781671159,
        "recall": 0.49384787472035796,
        "f1-score": 0.48476530332143836,
        "support": 1788.0
    },
    "UP": {
        "precision": 0.516042780748663,
        "recall": 0.4981930820856995,
        "f1-score": 0.5069608615707906,
        "support": 1937.0
    },
    "accuracy": 0.4961073825503356,
    "macro avg": {
        "precision": 0.49602678120991106,
        "recall": 0.49602047840302876,
        "f1-score": 0.49586308244611443,
        "support": 3725.0
    },
    "weighted avg": {
        "precision": 0.4968274211914611,
        "recall": 0.4961073825503356,
        "f1-score": 0.4963069936111015,
        "support": 3725.0
    }
}