{
    "DOWN": {
        "precision": 0.47105561861521,
        "recall": 0.9021739130434783,
        "f1-score": 0.6189410887397465,
        "support": 460.0
    },
    "UP": {
        "precision": 0.6186440677966102,
        "recall": 0.13543599257884972,
        "f1-score": 0.22222222222222224,
        "support": 539.0
    },
    "accuracy": 0.48848848848848847,
    "macro avg": {
        "precision": 0.5448498432059101,
        "recall": 0.518804952811164,
        "f1-score": 0.42058165548098436,
        "support": 999.0
    },
    "weighted avg": {
        "precision": 0.5506854225278974,
        "recall": 0.48848848848848847,
        "f1-score": 0.4048955741722334,
        "support": 999.0
    }
}