{
    "R2": 0.9142517952345051,
    "RMSE": 4.589238887518543,
    "MSE": 21.061113566712432,
    "MAPE": 0.33403273091647895,
    "ACMAPE": 1.2959630258226453
}