{
    "DOWN": {
        "precision": 0.4731951393852752,
        "recall": 0.3708683473389356,
        "f1-score": 0.4158291457286432,
        "support": 1785.0
    },
    "UP": {
        "precision": 0.5140631761142362,
        "recall": 0.6171428571428571,
        "f1-score": 0.5609065155807366,
        "support": 1925.0
    },
    "accuracy": 0.49865229110512127,
    "macro avg": {
        "precision": 0.4936291577497557,
        "recall": 0.49400560224089635,
        "f1-score": 0.4883678306546899,
        "support": 3710.0
    },
    "weighted avg": {
        "precision": 0.49440025278237765,
        "recall": 0.49865229110512127,
        "f1-score": 0.4911051395198237,
        "support": 3710.0
    }
}