{
    "R2": 0.997698436806017,
    "RMSE": 0.7507553368122563,
    "MSE": 0.5636335757520843,
    "MAPE": 0.025350131419638787,
    "ACMAPE": 1.0283111004640533
}