{
    "DOWN": {
        "precision": 0.4701834862385321,
        "recall": 0.8913043478260869,
        "f1-score": 0.6156156156156156,
        "support": 460.0
    },
    "UP": {
        "precision": 0.6062992125984252,
        "recall": 0.14285714285714285,
        "f1-score": 0.23123123123123124,
        "support": 539.0
    },
    "accuracy": 0.4874874874874875,
    "macro avg": {
        "precision": 0.5382413494184787,
        "recall": 0.5170807453416149,
        "f1-score": 0.42342342342342343,
        "support": 999.0
    },
    "weighted avg": {
        "precision": 0.5436233025628388,
        "recall": 0.4874874874874875,
        "f1-score": 0.4082250418586755,
        "support": 999.0
    }
}