{
    "DOWN": {
        "precision": 0.5555555555555556,
        "recall": 0.0713436385255648,
        "f1-score": 0.12644889357218123,
        "support": 841.0
    },
    "UP": {
        "precision": 0.5309309309309309,
        "recall": 0.9484978540772532,
        "f1-score": 0.680785521755872,
        "support": 932.0
    },
    "accuracy": 0.5324309080654258,
    "macro avg": {
        "precision": 0.5432432432432432,
        "recall": 0.509920746301409,
        "f1-score": 0.40361720766402664,
        "support": 1773.0
    },
    "weighted avg": {
        "precision": 0.5426113084319514,
        "recall": 0.5324309080654258,
        "f1-score": 0.41784299253845303,
        "support": 1773.0
    }
}