{
    "R2": 0.9087693371319084,
    "RMSE": 20.667972638533435,
    "MSE": 427.16509298716664,
    "MAPE": 0.08836567495391594,
    "ACMAPE": 1.0132905998788408
}