{
    "R2": 0.9845260141860711,
    "RMSE": 6.717667735480371,
    "MSE": 45.12705980431398,
    "MAPE": 0.09304316753040262,
    "ACMAPE": 1.028181351399551
}