{
    "R2": 0.8907185825677721,
    "RMSE": 17.800362970483107,
    "MSE": 316.85292188094616,
    "MAPE": 0.2097002117645949,
    "ACMAPE": 1.159218079036291
}