{
    "R2": 0.9177652127333108,
    "RMSE": 15.50587797949827,
    "MSE": 240.43225191508935,
    "MAPE": 0.23655363012614586,
    "ACMAPE": 1.1859349574602291
}