{
    "DOWN": {
        "precision": 0.5161290322580645,
        "recall": 0.39669421487603307,
        "f1-score": 0.4485981308411215,
        "support": 484.0
    },
    "UP": {
        "precision": 0.5342902711323764,
        "recall": 0.6504854368932039,
        "f1-score": 0.5866900175131349,
        "support": 515.0
    },
    "accuracy": 0.5275275275275275,
    "macro avg": {
        "precision": 0.5252096516952205,
        "recall": 0.5235898258846186,
        "f1-score": 0.5176440741771282,
        "support": 999.0
    },
    "weighted avg": {
        "precision": 0.5254914326787559,
        "recall": 0.5275275275275275,
        "f1-score": 0.5197866409873546,
        "support": 999.0
    }
}