{
    "DOWN": {
        "precision": 0.6,
        "recall": 0.003592814371257485,
        "f1-score": 0.0071428571428571435,
        "support": 835.0
    },
    "UP": {
        "precision": 0.5253850541928123,
        "recall": 0.9978331527627302,
        "f1-score": 0.688340807174888,
        "support": 923.0
    },
    "accuracy": 0.5255972696245734,
    "macro avg": {
        "precision": 0.5626925270964062,
        "recall": 0.5007129835669939,
        "f1-score": 0.34774183215887255,
        "support": 1758.0
    },
    "weighted avg": {
        "precision": 0.5608250312969089,
        "recall": 0.5255972696245734,
        "f1-score": 0.36479115514033406,
        "support": 1758.0
    }
}