{
    "DOWN": {
        "precision": 0.0,
        "recall": 0.0,
        "f1-score": 0.0,
        "support": 837.0
    },
    "UP": {
        "precision": 0.525241066364152,
        "recall": 1.0,
        "f1-score": 0.6887318705838602,
        "support": 926.0
    },
    "accuracy": 0.525241066364152,
    "macro avg": {
        "precision": 0.262620533182076,
        "recall": 0.5,
        "f1-score": 0.3443659352919301,
        "support": 1763.0
    },
    "weighted avg": {
        "precision": 0.27587817779535156,
        "recall": 0.525241066364152,
        "f1-score": 0.36175026214444383,
        "support": 1763.0
    }
}