{
    "R2": 0.9293483114390418,
    "RMSE": 18.188158729101357,
    "MSE": 330.8091179549858,
    "MAPE": 0.0663692536090144,
    "ACMAPE": 1.0113141985539593
}