{
    "DOWN": {
        "precision": 0.4945054945054945,
        "recall": 0.6508264462809917,
        "f1-score": 0.5619982158786798,
        "support": 484.0
    },
    "UP": {
        "precision": 0.5331491712707183,
        "recall": 0.37475728155339805,
        "f1-score": 0.44013683010262256,
        "support": 515.0
    },
    "accuracy": 0.5085085085085085,
    "macro avg": {
        "precision": 0.5138273328881064,
        "recall": 0.5127918639171949,
        "f1-score": 0.5010675229906512,
        "support": 999.0
    },
    "weighted avg": {
        "precision": 0.5144269094545337,
        "recall": 0.5085085085085085,
        "f1-score": 0.49917678076890054,
        "support": 999.0
    }
}