{
    "R2": 0.9035207259603621,
    "RMSE": 16.748936594930857,
    "MSE": 280.5268770610141,
    "MAPE": 0.2082250362258908,
    "ACMAPE": 1.1561888371308682
}