{
    "DOWN": {
        "precision": 0.5595854922279793,
        "recall": 0.2231404958677686,
        "f1-score": 0.3190546528803545,
        "support": 484.0
    },
    "UP": {
        "precision": 0.533498759305211,
        "recall": 0.8349514563106796,
        "f1-score": 0.6510219530658592,
        "support": 515.0
    },
    "accuracy": 0.5385385385385385,
    "macro avg": {
        "precision": 0.5465421257665951,
        "recall": 0.5290459760892241,
        "f1-score": 0.48503830297310685,
        "support": 999.0
    },
    "weighted avg": {
        "precision": 0.5461373766571828,
        "recall": 0.5385385385385385,
        "f1-score": 0.4901889467697788,
        "support": 999.0
    }
}