{
    "DOWN": {
        "precision": 1.0,
        "recall": 0.001183431952662722,
        "f1-score": 0.002364066193853428,
        "support": 845.0
    },
    "UP": {
        "precision": 0.5250422059651098,
        "recall": 1.0,
        "f1-score": 0.6885608856088561,
        "support": 933.0
    },
    "accuracy": 0.5253093363329584,
    "macro avg": {
        "precision": 0.7625211029825549,
        "recall": 0.5005917159763313,
        "f1-score": 0.34546247590135476,
        "support": 1778.0
    },
    "weighted avg": {
        "precision": 0.7507673667972145,
        "recall": 0.5253093363329584,
        "f1-score": 0.36244372452579804,
        "support": 1778.0
    }
}