{
    "R2": 0.9315375349430395,
    "RMSE": 17.904150872966348,
    "MSE": 320.55861848194166,
    "MAPE": 0.05317774738027378,
    "ACMAPE": 1.0361607303632567
}