{
    "R2": 0.9426776273324254,
    "RMSE": 12.877077706161975,
    "MSE": 165.81913025053376,
    "MAPE": 0.16522045414320802,
    "ACMAPE": 1.1140259148940612
}