{
    "R2": 0.9135961709109185,
    "RMSE": 20.113792121353498,
    "MSE": 404.564633501022,
    "MAPE": 0.08447854001774754,
    "ACMAPE": 1.0074014629406705
}