{
    "R2": 0.9368276664348226,
    "RMSE": 17.198513937142977,
    "MSE": 295.78888164610123,
    "MAPE": 0.07204154651839564,
    "ACMAPE": 1.0269965014733506
}