{
    "DOWN": {
        "precision": 0.5945945945945946,
        "recall": 0.045454545454545456,
        "f1-score": 0.08445297504798466,
        "support": 484.0
    },
    "UP": {
        "precision": 0.5197505197505198,
        "recall": 0.970873786407767,
        "f1-score": 0.6770480704129994,
        "support": 515.0
    },
    "accuracy": 0.5225225225225225,
    "macro avg": {
        "precision": 0.5571725571725572,
        "recall": 0.5081641659311562,
        "f1-score": 0.38075052273049204,
        "support": 999.0
    },
    "weighted avg": {
        "precision": 0.5560113127680695,
        "recall": 0.5225225225225225,
        "f1-score": 0.3899449411270463,
        "support": 999.0
    }
}