{
    "DOWN": {
        "precision": 0.5567010309278351,
        "recall": 0.2231404958677686,
        "f1-score": 0.3185840707964602,
        "support": 484.0
    },
    "UP": {
        "precision": 0.5329192546583851,
        "recall": 0.8330097087378641,
        "f1-score": 0.6499999999999999,
        "support": 515.0
    },
    "accuracy": 0.5375375375375375,
    "macro avg": {
        "precision": 0.54481014279311,
        "recall": 0.5280751023028163,
        "f1-score": 0.48429203539823007,
        "support": 999.0
    },
    "weighted avg": {
        "precision": 0.5444411562744149,
        "recall": 0.5375375375375375,
        "f1-score": 0.48943412438987655,
        "support": 999.0
    }
}