{
    "R2": 0.9987545447310678,
    "RMSE": 0.8181422506351245,
    "MSE": 0.6693567422743067,
    "MAPE": 0.24959271902772792,
    "ACMAPE": 1.2200719828020794
}