{
    "R2": 0.9988050866804812,
    "RMSE": 0.8012751823674623,
    "MSE": 0.64204191787801,
    "MAPE": 0.25347779240127205,
    "ACMAPE": 1.2204110620682174
}