{
    "R2": 0.9116063946581727,
    "RMSE": 17.204994963694176,
    "MSE": 296.011851700742,
    "MAPE": 0.05150444589776042,
    "ACMAPE": 1.0404934348867494
}