{
    "R2": 0.9987536931613112,
    "RMSE": 0.8184700034968907,
    "MSE": 0.6698931466242003,
    "MAPE": 0.29345873123984134,
    "ACMAPE": 1.2599739189939672
}