{
    "DOWN": {
        "precision": 0.5,
        "recall": 0.8739495798319328,
        "f1-score": 0.636085626911315,
        "support": 476.0
    },
    "UP": {
        "precision": 0.6407185628742516,
        "recall": 0.2045889101338432,
        "f1-score": 0.31014492753623185,
        "support": 523.0
    },
    "accuracy": 0.5235235235235235,
    "macro avg": {
        "precision": 0.5703592814371258,
        "recall": 0.539269244982888,
        "f1-score": 0.47311527722377344,
        "support": 999.0
    },
    "weighted avg": {
        "precision": 0.5736694778610947,
        "recall": 0.5235235235235235,
        "f1-score": 0.46544800351474996,
        "support": 999.0
    }
}