{
    "DOWN": {
        "precision": 0.5116332116788321,
        "recall": 0.5389235944257569,
        "f1-score": 0.5249239410250409,
        "support": 4162.0
    },
    "UP": {
        "precision": 0.5182023600301281,
        "recall": 0.49084423305588587,
        "f1-score": 0.5041524181729361,
        "support": 4205.0
    },
    "accuracy": 0.5147603681128242,
    "macro avg": {
        "precision": 0.5149177858544801,
        "recall": 0.5148839137408214,
        "f1-score": 0.5145381795989885,
        "support": 8367.0
    },
    "weighted avg": {
        "precision": 0.5149346660611913,
        "recall": 0.5147603681128242,
        "f1-score": 0.5144848047046033,
        "support": 8367.0
    }
}