{
    "DOWN": {
        "precision": 0.4965116279069767,
        "recall": 0.8970588235294118,
        "f1-score": 0.6392215568862276,
        "support": 476.0
    },
    "UP": {
        "precision": 0.6474820143884892,
        "recall": 0.17208413001912046,
        "f1-score": 0.2719033232628399,
        "support": 523.0
    },
    "accuracy": 0.5175175175175175,
    "macro avg": {
        "precision": 0.571996821147733,
        "recall": 0.5345714767742661,
        "f1-score": 0.4555624400745337,
        "support": 999.0
    },
    "weighted avg": {
        "precision": 0.5755481765854862,
        "recall": 0.5175175175175175,
        "f1-score": 0.4469218209652749,
        "support": 999.0
    }
}