{
    "R2": 0.9368613391571923,
    "RMSE": 14.54091745314229,
    "MSE": 211.43828037909807,
    "MAPE": 0.04148942810803138,
    "ACMAPE": 0.9944423810609844
}