{
    "DOWN": {
        "precision": 0.49056603773584906,
        "recall": 0.9285714285714286,
        "f1-score": 0.6419753086419753,
        "support": 476.0
    },
    "UP": {
        "precision": 0.6530612244897959,
        "recall": 0.12237093690248566,
        "f1-score": 0.20611916264090174,
        "support": 523.0
    },
    "accuracy": 0.5065065065065065,
    "macro avg": {
        "precision": 0.5718136311128225,
        "recall": 0.5254711827369571,
        "f1-score": 0.42404723564143854,
        "support": 999.0
    },
    "weighted avg": {
        "precision": 0.5756360904608883,
        "recall": 0.5065065065065065,
        "f1-score": 0.41379436333811,
        "support": 999.0
    }
}