{
    "DOWN": {
        "precision": 0.5168311085316308,
        "recall": 0.4275084013442151,
        "f1-score": 0.4679453494482396,
        "support": 4166.0
    },
    "UP": {
        "precision": 0.5163252889880349,
        "recall": 0.6046069817145571,
        "f1-score": 0.5569897177860424,
        "support": 4211.0
    },
    "accuracy": 0.5165333651665274,
    "macro avg": {
        "precision": 0.5165781987598328,
        "recall": 0.5160576915293861,
        "f1-score": 0.512467533617141,
        "support": 8377.0
    },
    "weighted avg": {
        "precision": 0.5165768401660963,
        "recall": 0.5165333651665274,
        "f1-score": 0.5127067001788697,
        "support": 8377.0
    }
}