{
    "R2": 0.9593105289706102,
    "RMSE": 11.673071557811182,
    "MSE": 136.2605995937804,
    "MAPE": 0.049251552189537695,
    "ACMAPE": 0.9761784791164646
}