{
    "DOWN": {
        "precision": 0.5169686985172982,
        "recall": 0.3768916646649051,
        "f1-score": 0.4359544317866074,
        "support": 4163.0
    },
    "UP": {
        "precision": 0.5139591530822559,
        "recall": 0.6516987407935376,
        "f1-score": 0.5746909700398072,
        "support": 4209.0
    },
    "accuracy": 0.5150501672240803,
    "macro avg": {
        "precision": 0.5154639257997771,
        "recall": 0.5142952027292214,
        "f1-score": 0.5053227009132073,
        "support": 8372.0
    },
    "weighted avg": {
        "precision": 0.5154556578178127,
        "recall": 0.5150501672240803,
        "f1-score": 0.5057038452490678,
        "support": 8372.0
    }
}