{
    "DOWN": {
        "precision": 0.490174672489083,
        "recall": 0.9432773109243697,
        "f1-score": 0.6451149425287356,
        "support": 476.0
    },
    "UP": {
        "precision": 0.6746987951807228,
        "recall": 0.10707456978967496,
        "f1-score": 0.1848184818481848,
        "support": 523.0
    },
    "accuracy": 0.5055055055055055,
    "macro avg": {
        "precision": 0.5824367338349029,
        "recall": 0.5251759403570223,
        "f1-score": 0.4149667121884602,
        "support": 999.0
    },
    "weighted avg": {
        "precision": 0.5867773913756973,
        "recall": 0.5055055055055055,
        "f1-score": 0.4041389175678467,
        "support": 999.0
    }
}