{
    "DOWN": {
        "precision": 0.5073509015256588,
        "recall": 0.43881957773512476,
        "f1-score": 0.4706033706419658,
        "support": 4168.0
    },
    "UP": {
        "precision": 0.510362151978229,
        "recall": 0.5785476981490271,
        "f1-score": 0.5423200978756535,
        "support": 4214.0
    },
    "accuracy": 0.5090670484371271,
    "macro avg": {
        "precision": 0.5088565267519438,
        "recall": 0.5086836379420759,
        "f1-score": 0.5064617342588096,
        "support": 8382.0
    },
    "weighted avg": {
        "precision": 0.5088647895484613,
        "recall": 0.5090670484371271,
        "f1-score": 0.5066585231786825,
        "support": 8382.0
    }
}