{
    "DOWN": {
        "precision": 0.5503875968992248,
        "recall": 0.14915966386554622,
        "f1-score": 0.23471074380165285,
        "support": 476.0
    },
    "UP": {
        "precision": 0.5344827586206896,
        "recall": 0.8891013384321224,
        "f1-score": 0.6676238334529792,
        "support": 523.0
    },
    "accuracy": 0.5365365365365365,
    "macro avg": {
        "precision": 0.5424351777599572,
        "recall": 0.5191305011488343,
        "f1-score": 0.45116728862731603,
        "support": 999.0
    },
    "weighted avg": {
        "precision": 0.5420610399225743,
        "recall": 0.5365365365365365,
        "f1-score": 0.46135092987537024,
        "support": 999.0
    }
}