{
    "R2": 0.9373067123697212,
    "RMSE": 14.489541671823513,
    "MSE": 209.94681785951013,
    "MAPE": 0.04205911049058195,
    "ACMAPE": 1.0070240754555468
}