{
    "R2": 0.9113450214524526,
    "RMSE": 17.230413122111127,
    "MSE": 296.88713635861933,
    "MAPE": 0.05092515574284258,
    "ACMAPE": 1.0379121427298295
}