{
    "DOWN": {
        "precision": 0.515221284215912,
        "recall": 0.4841346153846154,
        "f1-score": 0.49919444788697476,
        "support": 4160.0
    },
    "UP": {
        "precision": 0.5180777004266787,
        "recall": 0.5490242741551642,
        "f1-score": 0.5331022530329289,
        "support": 4202.0
    },
    "accuracy": 0.5167424061229371,
    "macro avg": {
        "precision": 0.5166494923212953,
        "recall": 0.5165794447698898,
        "f1-score": 0.5161483504599518,
        "support": 8362.0
    },
    "weighted avg": {
        "precision": 0.5166566658133338,
        "recall": 0.5167424061229371,
        "f1-score": 0.5162335051966255,
        "support": 8362.0
    }
}