{
    "R2": 0.9928460274483222,
    "RMSE": 1.9604752656211262,
    "MSE": 3.843463267112225,
    "MAPE": 0.4331648339377982,
    "ACMAPE": 1.415030737063544
}