{
    "R2": 0.9988210683570208,
    "RMSE": 0.7959457730487498,
    "MSE": 0.6335296736341719,
    "MAPE": 0.26015407884113717,
    "ACMAPE": 1.2300537443929767
}