{
    "DOWN": {
        "precision": 0.4624591947769314,
        "recall": 0.9340659340659341,
        "f1-score": 0.61863173216885,
        "support": 455.0
    },
    "UP": {
        "precision": 0.625,
        "recall": 0.09191176470588236,
        "f1-score": 0.16025641025641027,
        "support": 544.0
    },
    "accuracy": 0.4754754754754755,
    "macro avg": {
        "precision": 0.5437295973884657,
        "recall": 0.5129888493859083,
        "f1-score": 0.38944407121263014,
        "support": 999.0
    },
    "weighted avg": {
        "precision": 0.5509699035270308,
        "recall": 0.4754754754754755,
        "f1-score": 0.36902595126758153,
        "support": 999.0
    }
}