{
    "R2": 0.9410692648161788,
    "RMSE": 19.0472826438504,
    "MSE": 362.7989761147248,
    "MAPE": 0.0595603198199412,
    "ACMAPE": 1.0825833428429643
}