{
    "DOWN": {
        "precision": 0.5261044176706827,
        "recall": 0.05198412698412699,
        "f1-score": 0.09461899602744674,
        "support": 2520.0
    },
    "UP": {
        "precision": 0.5097475887543608,
        "recall": 0.9546502690238279,
        "f1-score": 0.6646153846153847,
        "support": 2602.0
    },
    "accuracy": 0.5105427567356501,
    "macro avg": {
        "precision": 0.5179260032125217,
        "recall": 0.5033171980039775,
        "f1-score": 0.3796171903214157,
        "support": 5122.0
    },
    "weighted avg": {
        "precision": 0.5177950719384942,
        "recall": 0.5105427567356501,
        "f1-score": 0.3841798322449037,
        "support": 5122.0
    }
}