{
    "DOWN": {
        "precision": 0.4819672131147541,
        "recall": 0.6461538461538462,
        "f1-score": 0.552112676056338,
        "support": 455.0
    },
    "UP": {
        "precision": 0.5861182519280206,
        "recall": 0.41911764705882354,
        "f1-score": 0.4887459807073955,
        "support": 544.0
    },
    "accuracy": 0.5225225225225225,
    "macro avg": {
        "precision": 0.5340427325213873,
        "recall": 0.5326357466063348,
        "f1-score": 0.5204293283818667,
        "support": 999.0
    },
    "weighted avg": {
        "precision": 0.5386820931091655,
        "recall": 0.5225225225225225,
        "f1-score": 0.5176066877982552,
        "support": 999.0
    }
}