{
    "DOWN": {
        "precision": 0.5061224489795918,
        "recall": 0.2725274725274725,
        "f1-score": 0.35428571428571426,
        "support": 455.0
    },
    "UP": {
        "precision": 0.5610079575596817,
        "recall": 0.7775735294117647,
        "f1-score": 0.6517719568567026,
        "support": 544.0
    },
    "accuracy": 0.5475475475475475,
    "macro avg": {
        "precision": 0.5335652032696367,
        "recall": 0.5250505009696186,
        "f1-score": 0.5030288355712085,
        "support": 999.0
    },
    "weighted avg": {
        "precision": 0.5360100532514326,
        "recall": 0.5475475475475475,
        "f1-score": 0.5162802247548011,
        "support": 999.0
    }
}