{
    "R2": 0.9978766898992371,
    "RMSE": 0.6807151699404396,
    "MSE": 0.46337314258704154,
    "MAPE": 2555306087052.886,
    "ACMAPE": 2555306087053.888
}