{
    "DOWN": {
        "precision": 0.497737556561086,
        "recall": 0.3923900118906064,
        "f1-score": 0.43882978723404253,
        "support": 2523.0
    },
    "UP": {
        "precision": 0.511472275334608,
        "recall": 0.6163594470046083,
        "f1-score": 0.5590386624869383,
        "support": 2604.0
    },
    "accuracy": 0.5061439438267993,
    "macro avg": {
        "precision": 0.504604915947847,
        "recall": 0.5043747294476073,
        "f1-score": 0.49893422486049044,
        "support": 5127.0
    },
    "weighted avg": {
        "precision": 0.5047134113857888,
        "recall": 0.5061439438267993,
        "f1-score": 0.4998837976023945,
        "support": 5127.0
    }
}