{
    "R2": 0.8428567759601289,
    "RMSE": 5.848376587730421,
    "MSE": 34.20350871191332,
    "MAPE": 6761895913097.796,
    "ACMAPE": 6761895913098.779
}