{
    "DOWN": {
        "precision": 0.49761620977353993,
        "recall": 0.3314807463279079,
        "f1-score": 0.3979032642363593,
        "support": 2519.0
    },
    "UP": {
        "precision": 0.5103227682465833,
        "recall": 0.6755196304849884,
        "f1-score": 0.5814146099055821,
        "support": 2598.0
    },
    "accuracy": 0.506155950752394,
    "macro avg": {
        "precision": 0.5039694890100617,
        "recall": 0.5035001884064482,
        "f1-score": 0.48965893707097075,
        "support": 5117.0
    },
    "weighted avg": {
        "precision": 0.5040675755958902,
        "recall": 0.506155950752394,
        "f1-score": 0.4910755284631798,
        "support": 5117.0
    }
}