{
    "R2": 0.9939433503059529,
    "RMSE": 1.1489164226464696,
    "MSE": 1.3200089462267612,
    "MAPE": 2815507946658.0923,
    "ACMAPE": 2815507946659.0713
}