{
    "DOWN": {
        "precision": 0.4613733905579399,
        "recall": 0.945054945054945,
        "f1-score": 0.6200432588320114,
        "support": 455.0
    },
    "UP": {
        "precision": 0.6268656716417911,
        "recall": 0.07720588235294118,
        "f1-score": 0.1374795417348609,
        "support": 544.0
    },
    "accuracy": 0.4724724724724725,
    "macro avg": {
        "precision": 0.5441195310998654,
        "recall": 0.5111304137039431,
        "f1-score": 0.37876140028343613,
        "support": 999.0
    },
    "weighted avg": {
        "precision": 0.5514913093863834,
        "recall": 0.4724724724724725,
        "f1-score": 0.3572658192916211,
        "support": 999.0
    }
}