{
    "R2": 0.9296218727920564,
    "RMSE": 20.81521733337321,
    "MSE": 433.2732726355605,
    "MAPE": 0.06958673851377996,
    "ACMAPE": 1.118635787562829
}