{
    "R2": 0.898089864168872,
    "RMSE": 25.04786921710053,
    "MSE": 627.3957523169723,
    "MAPE": 0.1386491148965918,
    "ACMAPE": 1.0435540198014968
}