{
    "DOWN": {
        "precision": 0.49313358302122345,
        "recall": 0.6277314263011522,
        "f1-score": 0.5523509875895823,
        "support": 2517.0
    },
    "UP": {
        "precision": 0.5089098532494759,
        "recall": 0.3741811175337187,
        "f1-score": 0.43126804352653786,
        "support": 2595.0
    },
    "accuracy": 0.49902190923317685,
    "macro avg": {
        "precision": 0.5010217181353497,
        "recall": 0.5009562719174354,
        "f1-score": 0.4918095155580601,
        "support": 5112.0
    },
    "weighted avg": {
        "precision": 0.5011420770044619,
        "recall": 0.49902190923317685,
        "f1-score": 0.49088576070311907,
        "support": 5112.0
    }
}