{
    "R2": 0.8899135194575905,
    "RMSE": 26.03329205815222,
    "MSE": 677.7322953850514,
    "MAPE": 0.08705478605310203,
    "ACMAPE": 1.1421098411081572
}