{
    "R2": 0.997859730339046,
    "RMSE": 0.682753650653976,
    "MSE": 0.4661525474813315,
    "MAPE": 2597177635198.744,
    "ACMAPE": 2597177635199.732
}