{
    "R2": 0.9072343491451069,
    "RMSE": 23.897677433104036,
    "MSE": 571.09898669669,
    "MAPE": 0.06834251071497274,
    "ACMAPE": 1.0232974656699276
}