{
    "DOWN": {
        "precision": 0.4669811320754717,
        "recall": 0.8703296703296703,
        "f1-score": 0.6078280890253261,
        "support": 455.0
    },
    "UP": {
        "precision": 0.609271523178808,
        "recall": 0.16911764705882354,
        "f1-score": 0.2647482014388489,
        "support": 544.0
    },
    "accuracy": 0.48848848848848847,
    "macro avg": {
        "precision": 0.5381263276271399,
        "recall": 0.519723658694247,
        "f1-score": 0.43628814523208753,
        "support": 999.0
    },
    "weighted avg": {
        "precision": 0.544464588291903,
        "recall": 0.48848848848848847,
        "f1-score": 0.42100580789715436,
        "support": 999.0
    }
}