{
    "R2": 0.9979239621994938,
    "RMSE": 0.6728725140458474,
    "MSE": 0.452757420158379,
    "MAPE": 2623257401869.449,
    "ACMAPE": 2623257401870.437
}