{
    "DOWN": {
        "precision": 0.0,
        "recall": 0.0,
        "f1-score": 0.0,
        "support": 2524.0
    },
    "UP": {
        "precision": 0.5081839438815277,
        "recall": 1.0,
        "f1-score": 0.6739018087855297,
        "support": 2608.0
    },
    "accuracy": 0.5081839438815277,
    "macro avg": {
        "precision": 0.2540919719407638,
        "recall": 0.5,
        "f1-score": 0.33695090439276487,
        "support": 5132.0
    },
    "weighted avg": {
        "precision": 0.25825092081898365,
        "recall": 0.5081839438815277,
        "f1-score": 0.3424660789775256,
        "support": 5132.0
    }
}