{
    "DOWN": {
        "precision": 0.4625668449197861,
        "recall": 0.7604395604395604,
        "f1-score": 0.5752285951787198,
        "support": 455.0
    },
    "UP": {
        "precision": 0.5657370517928287,
        "recall": 0.2610294117647059,
        "f1-score": 0.35723270440251575,
        "support": 544.0
    },
    "accuracy": 0.48848848848848847,
    "macro avg": {
        "precision": 0.5141519483563074,
        "recall": 0.5107344861021331,
        "f1-score": 0.4662306497906178,
        "support": 999.0
    },
    "weighted avg": {
        "precision": 0.5187476182320335,
        "recall": 0.48848848848848847,
        "f1-score": 0.4565201221234095,
        "support": 999.0
    }
}