{
    "R2": 0.735100723077724,
    "RMSE": 3.923528409208304,
    "MSE": 15.394075177864643,
    "MAPE": 0.5921596252879392,
    "ACMAPE": 1.576638560986387
}