{
    "DOWN": {
        "precision": 0.49646643109540634,
        "recall": 0.5081374321880651,
        "f1-score": 0.5022341376228776,
        "support": 1106.0
    },
    "UP": {
        "precision": 0.5112309074573226,
        "recall": 0.4995610184372256,
        "f1-score": 0.5053285968028419,
        "support": 1139.0
    },
    "accuracy": 0.5037861915367483,
    "macro avg": {
        "precision": 0.5038486692763644,
        "recall": 0.5038492253126453,
        "f1-score": 0.5037813672128597,
        "support": 2245.0
    },
    "weighted avg": {
        "precision": 0.5039571832451715,
        "recall": 0.5037861915367483,
        "f1-score": 0.5038041104540487,
        "support": 2245.0
    }
}