{
    "R2": 0.9934368770286115,
    "RMSE": 0.6162780763054018,
    "MSE": 0.37979866733468653,
    "MAPE": 0.03611783903602151,
    "ACMAPE": 1.028545455962525
}