{
    "DOWN": {
        "precision": 0.4883268482490272,
        "recall": 0.45471014492753625,
        "f1-score": 0.4709193245778612,
        "support": 1104.0
    },
    "UP": {
        "precision": 0.5033003300330033,
        "recall": 0.5369718309859155,
        "f1-score": 0.5195911413969335,
        "support": 1136.0
    },
    "accuracy": 0.49642857142857144,
    "macro avg": {
        "precision": 0.49581358914101525,
        "recall": 0.4958409879567259,
        "f1-score": 0.4952552329873974,
        "support": 2240.0
    },
    "weighted avg": {
        "precision": 0.4959205425823294,
        "recall": 0.49642857142857144,
        "f1-score": 0.4956028888218193,
        "support": 2240.0
    }
}