{
    "R2": -0.35466302349871737,
    "RMSE": 122.29335688644782,
    "MSE": 14955.665138556094,
    "MAPE": 0.39609294926010163,
    "ACMAPE": 1.4531500063171587
}