{
    "R2": 0.9933320608340128,
    "RMSE": 0.6205435739878435,
    "MSE": 0.38507432721760626,
    "MAPE": 0.03657250129086269,
    "ACMAPE": 1.0437153584337198
}