{
    "R2": 0.9931871162502824,
    "RMSE": 0.626598810869628,
    "MSE": 0.39262606978323183,
    "MAPE": 0.036479451422106485,
    "ACMAPE": 1.0378217333013011
}