{
    "DOWN": {
        "precision": 0.5003641660597232,
        "recall": 0.6200361010830325,
        "f1-score": 0.5538089480048368,
        "support": 1108.0
    },
    "UP": {
        "precision": 0.5199543899657925,
        "recall": 0.39929947460595444,
        "f1-score": 0.4517087667161961,
        "support": 1142.0
    },
    "accuracy": 0.508,
    "macro avg": {
        "precision": 0.5101592780127578,
        "recall": 0.5096677878444935,
        "f1-score": 0.5027588573605164,
        "support": 2250.0
    },
    "weighted avg": {
        "precision": 0.510307293037826,
        "recall": 0.508,
        "f1-score": 0.5019874337685578,
        "support": 2250.0
    }
}