{
    "DOWN": {
        "precision": 0.45985401459854014,
        "recall": 0.9692307692307692,
        "f1-score": 0.6237623762376237,
        "support": 455.0
    },
    "UP": {
        "precision": 0.65,
        "recall": 0.04779411764705882,
        "f1-score": 0.08904109589041097,
        "support": 544.0
    },
    "accuracy": 0.4674674674674675,
    "macro avg": {
        "precision": 0.55492700729927,
        "recall": 0.508512443438914,
        "f1-score": 0.3564017360640173,
        "support": 999.0
    },
    "weighted avg": {
        "precision": 0.5633969736159518,
        "recall": 0.4674674674674675,
        "f1-score": 0.332582820172675,
        "support": 999.0
    }
}