{
    "R2": -0.29636152373864544,
    "RMSE": 119.63280738904922,
    "MSE": 14312.008603785349,
    "MAPE": 0.3856676819055595,
    "ACMAPE": 1.4427247389626168
}