{
    "DOWN": {
        "precision": 0.4610458911419424,
        "recall": 0.9494505494505494,
        "f1-score": 0.6206896551724138,
        "support": 455.0
    },
    "UP": {
        "precision": 0.6290322580645161,
        "recall": 0.07169117647058823,
        "f1-score": 0.12871287128712872,
        "support": 544.0
    },
    "accuracy": 0.47147147147147145,
    "macro avg": {
        "precision": 0.5450390746032292,
        "recall": 0.5105708629605689,
        "f1-score": 0.37470126322977126,
        "support": 999.0
    },
    "weighted avg": {
        "precision": 0.552521950807488,
        "recall": 0.47147147147147145,
        "f1-score": 0.35278638146511143,
        "support": 999.0
    }
}