{
    "R2": -0.22300160645842615,
    "RMSE": 116.1985588514004,
    "MSE": 13502.105079142364,
    "MAPE": 0.3765176816314295,
    "ACMAPE": 1.4415827466964946
}