{
    "DOWN": {
        "precision": 0.4608788853161844,
        "recall": 0.945054945054945,
        "f1-score": 0.6195965417867436,
        "support": 455.0
    },
    "UP": {
        "precision": 0.6212121212121212,
        "recall": 0.07536764705882353,
        "f1-score": 0.13442622950819672,
        "support": 544.0
    },
    "accuracy": 0.47147147147147145,
    "macro avg": {
        "precision": 0.5410455032641528,
        "recall": 0.5102112960568843,
        "f1-score": 0.37701138564747017,
        "support": 999.0
    },
    "weighted avg": {
        "precision": 0.5481874742324904,
        "recall": 0.47147147147147145,
        "f1-score": 0.35539969506048785,
        "support": 999.0
    }
}