{
    "DOWN": {
        "precision": 0.4610526315789474,
        "recall": 0.9626373626373627,
        "f1-score": 0.6234875444839858,
        "support": 455.0
    },
    "UP": {
        "precision": 0.6530612244897959,
        "recall": 0.058823529411764705,
        "f1-score": 0.10792580101180438,
        "support": 544.0
    },
    "accuracy": 0.47047047047047047,
    "macro avg": {
        "precision": 0.5570569280343716,
        "recall": 0.5107304460245636,
        "f1-score": 0.3657066727478951,
        "support": 999.0
    },
    "weighted avg": {
        "precision": 0.5656098633542243,
        "recall": 0.47047047047047047,
        "f1-score": 0.34274120970033545,
        "support": 999.0
    }
}