{
    "R2": -0.5283896186635126,
    "RMSE": 129.8985393307444,
    "MSE": 16873.63052026095,
    "MAPE": 0.45498568141152945,
    "ACMAPE": 1.4780087044345525
}