{
    "DOWN": {
        "precision": 0.4927652733118971,
        "recall": 0.5567665758401453,
        "f1-score": 0.522814498933902,
        "support": 1101.0
    },
    "UP": {
        "precision": 0.5075681130171544,
        "recall": 0.4435626102292769,
        "f1-score": 0.47341176470588237,
        "support": 1134.0
    },
    "accuracy": 0.4993288590604027,
    "macro avg": {
        "precision": 0.5001666931645258,
        "recall": 0.5001645930347112,
        "f1-score": 0.49811313181989214,
        "support": 2235.0
    },
    "weighted avg": {
        "precision": 0.5002759758737592,
        "recall": 0.4993288590604027,
        "f1-score": 0.4977484136477389,
        "support": 2235.0
    }
}