{
    "R2": 0.9932586060369143,
    "RMSE": 0.6252268907853586,
    "MSE": 0.39090866496112675,
    "MAPE": 0.0363403457928225,
    "ACMAPE": 1.0203403457928224
}