{
    "R2": -0.35334656337531456,
    "RMSE": 122.23392016401142,
    "MSE": 14941.131238661917,
    "MAPE": 0.3978958456955802,
    "ACMAPE": 1.456954904754639
}