{
    "DOWN": {
        "precision": 0.48346055979643765,
        "recall": 0.4252461951656222,
        "f1-score": 0.4524886877828055,
        "support": 4468.0
    },
    "UP": {
        "precision": 0.4655567117585848,
        "recall": 0.5242559175064448,
        "f1-score": 0.4931657848324515,
        "support": 4267.0
    },
    "accuracy": 0.4736119061247853,
    "macro avg": {
        "precision": 0.47450863577751123,
        "recall": 0.47475105633603354,
        "f1-score": 0.47282723630762846,
        "support": 8735.0
    },
    "weighted avg": {
        "precision": 0.474714627389166,
        "recall": 0.4736119061247853,
        "f1-score": 0.47235922849383455,
        "support": 8735.0
    }
}