{
    "R2": 0.9185805961830182,
    "RMSE": 29.71418486039535,
    "MSE": 882.9327819177482,
    "MAPE": 0.05578220358842652,
    "ACMAPE": 1.0848112326174555
}