{
    "DOWN": {
        "precision": 0.4737631184407796,
        "recall": 0.6810344827586207,
        "f1-score": 0.5587975243147657,
        "support": 464.0
    },
    "UP": {
        "precision": 0.5542168674698795,
        "recall": 0.34392523364485983,
        "f1-score": 0.4244521337946944,
        "support": 535.0
    },
    "accuracy": 0.5005005005005005,
    "macro avg": {
        "precision": 0.5139899929553295,
        "recall": 0.5124798582017402,
        "f1-score": 0.49162482905473004,
        "support": 999.0
    },
    "weighted avg": {
        "precision": 0.5168489600129202,
        "recall": 0.5005005005005005,
        "f1-score": 0.48685079365586864,
        "support": 999.0
    }
}