{
    "DOWN": {
        "precision": 0.479020979020979,
        "recall": 0.8857758620689655,
        "f1-score": 0.6217851739788199,
        "support": 464.0
    },
    "UP": {
        "precision": 0.624113475177305,
        "recall": 0.16448598130841122,
        "f1-score": 0.2603550295857988,
        "support": 535.0
    },
    "accuracy": 0.4994994994994995,
    "macro avg": {
        "precision": 0.551567227099142,
        "recall": 0.5251309216886884,
        "f1-score": 0.4410701017823094,
        "support": 999.0
    },
    "weighted avg": {
        "precision": 0.5567231666522447,
        "recall": 0.4994994994994995,
        "f1-score": 0.42822648804261737,
        "support": 999.0
    }
}