{
    "R2": 0.9991298448319937,
    "RMSE": 1.6555340043132871,
    "MSE": 2.740792839437587,
    "MAPE": 0.2349568774283548,
    "ACMAPE": 1.263822856809798
}