{
    "R2": 0.9400092640672996,
    "RMSE": 25.505976589027632,
    "MSE": 650.5548417600257,
    "MAPE": 0.046704532746772644,
    "ACMAPE": 1.0477055337477736
}