{
    "DOWN": {
        "precision": 0.523109243697479,
        "recall": 0.05590480466995959,
        "f1-score": 0.10101419878296146,
        "support": 4454.0
    },
    "UP": {
        "precision": 0.4899320718098011,
        "recall": 0.9467885607126113,
        "f1-score": 0.6457234212629895,
        "support": 4266.0
    },
    "accuracy": 0.4917431192660551,
    "macro avg": {
        "precision": 0.5065206577536401,
        "recall": 0.5013466826912855,
        "f1-score": 0.3733688100229755,
        "support": 8720.0
    },
    "weighted avg": {
        "precision": 0.5068783015790348,
        "recall": 0.4917431192660551,
        "f1-score": 0.3674969445512871,
        "support": 8720.0
    }
}