{
    "DOWN": {
        "precision": 0.48267898383371827,
        "recall": 0.9008620689655172,
        "f1-score": 0.6285714285714286,
        "support": 464.0
    },
    "UP": {
        "precision": 0.6541353383458647,
        "recall": 0.16261682242990655,
        "f1-score": 0.26047904191616766,
        "support": 535.0
    },
    "accuracy": 0.5055055055055055,
    "macro avg": {
        "precision": 0.5684071610897915,
        "recall": 0.5317394456977119,
        "f1-score": 0.4445252352437981,
        "support": 999.0
    },
    "weighted avg": {
        "precision": 0.5744999544683512,
        "recall": 0.5055055055055055,
        "f1-score": 0.43144487515745,
        "support": 999.0
    }
}