{
    "DOWN": {
        "precision": 0.47276688453159044,
        "recall": 0.9353448275862069,
        "f1-score": 0.6280752532561505,
        "support": 464.0
    },
    "UP": {
        "precision": 0.6296296296296297,
        "recall": 0.09532710280373832,
        "f1-score": 0.16558441558441558,
        "support": 535.0
    },
    "accuracy": 0.4854854854854855,
    "macro avg": {
        "precision": 0.55119825708061,
        "recall": 0.5153359651949726,
        "f1-score": 0.3968298344202831,
        "support": 999.0
    },
    "weighted avg": {
        "precision": 0.5567724587332431,
        "recall": 0.4854854854854855,
        "f1-score": 0.3803949748233395,
        "support": 999.0
    }
}