{
    "DOWN": {
        "precision": 0.4965250965250965,
        "recall": 0.4321236559139785,
        "f1-score": 0.4620912684153791,
        "support": 4464.0
    },
    "UP": {
        "precision": 0.47678018575851394,
        "recall": 0.5414908579465542,
        "f1-score": 0.507079354626276,
        "support": 4266.0
    },
    "accuracy": 0.48556701030927835,
    "macro avg": {
        "precision": 0.48665264114180523,
        "recall": 0.48680725693026633,
        "f1-score": 0.4845853115208275,
        "support": 8730.0
    },
    "weighted avg": {
        "precision": 0.4868765525010139,
        "recall": 0.48556701030927835,
        "f1-score": 0.4840751373473019,
        "support": 8730.0
    }
}