{
    "R2": 0.9989741775690509,
    "RMSE": 1.7978227202102133,
    "MSE": 3.2321665333040506,
    "MAPE": 0.6254082929093253,
    "ACMAPE": 1.6553223330239386
}