{
    "R2": 0.9278884672907807,
    "RMSE": 27.96418876972664,
    "MSE": 781.9958535489055,
    "MAPE": 0.056929476212910377,
    "ACMAPE": 1.1099825292659635
}