{
    "R2": 0.9990130445258556,
    "RMSE": 1.7640119938224,
    "MSE": 3.1117383143492785,
    "MAPE": 0.31007005212605493,
    "ACMAPE": 1.3448376941226126
}