{
    "R2": 0.917583813525806,
    "RMSE": 29.895520522196694,
    "MSE": 893.7421472930838,
    "MAPE": 0.05414437760869761,
    "ACMAPE": 1.0431333665976865
}