{
    "R2": 0.9744342924304505,
    "RMSE": 16.650557158931672,
    "MSE": 277.2410537028508,
    "MAPE": 0.031307287994936546,
    "ACMAPE": 1.0303062869939354
}