{
    "DOWN": {
        "precision": 0.4935897435897436,
        "recall": 0.29356357927786497,
        "f1-score": 0.36816200253128956,
        "support": 4459.0
    },
    "UP": {
        "precision": 0.48131071957846205,
        "recall": 0.6851851851851852,
        "f1-score": 0.5654318599477706,
        "support": 4266.0
    },
    "accuracy": 0.4850429799426934,
    "macro avg": {
        "precision": 0.48745023158410283,
        "recall": 0.4893743822315251,
        "f1-score": 0.46679693123953003,
        "support": 8725.0
    },
    "weighted avg": {
        "precision": 0.4875860397006746,
        "recall": 0.4850429799426934,
        "f1-score": 0.46461509270191514,
        "support": 8725.0
    }
}