{
    "R2": 0.9985907761942509,
    "RMSE": 2.1075202655867322,
    "MSE": 4.441641669858771,
    "MAPE": 0.538146726831647,
    "ACMAPE": 1.554660488299537
}