{
    "R2": 0.9969379924038674,
    "RMSE": 3.1050733468299185,
    "MSE": 9.641480489193553,
    "MAPE": 2.5582787731915775,
    "ACMAPE": 3.611054960942007
}