{
    "DOWN": {
        "precision": 0.49410840534171246,
        "recall": 0.5655203416498089,
        "f1-score": 0.5274080285085421,
        "support": 4449.0
    },
    "UP": {
        "precision": 0.46646425614131937,
        "recall": 0.3961556493202063,
        "f1-score": 0.4284446697933832,
        "support": 4266.0
    },
    "accuracy": 0.48261617900172116,
    "macro avg": {
        "precision": 0.48028633074151594,
        "recall": 0.4808379954850076,
        "f1-score": 0.47792634915096266,
        "support": 8715.0
    },
    "weighted avg": {
        "precision": 0.4805765705179744,
        "recall": 0.48261617900172116,
        "f1-score": 0.47896537925107013,
        "support": 8715.0
    }
}