{
    "DOWN": {
        "precision": 0.46810699588477367,
        "recall": 0.9806034482758621,
        "f1-score": 0.6337047353760447,
        "support": 464.0
    },
    "UP": {
        "precision": 0.6666666666666666,
        "recall": 0.03364485981308411,
        "f1-score": 0.06405693950177936,
        "support": 535.0
    },
    "accuracy": 0.47347347347347346,
    "macro avg": {
        "precision": 0.5673868312757202,
        "recall": 0.5071241540444731,
        "f1-score": 0.348880837438912,
        "support": 999.0
    },
    "weighted avg": {
        "precision": 0.5744427555127143,
        "recall": 0.47347347347347346,
        "f1-score": 0.3286380979458825,
        "support": 999.0
    }
}