{
    "R2": 0.9775764306121858,
    "RMSE": 3.801669901452231,
    "MSE": 14.452694039607817,
    "MAPE": 0.03916517363424352,
    "ACMAPE": 1.0181441526132224
}