{
    "DOWN": {
        "precision": 0.5045558086560364,
        "recall": 0.8913480885311871,
        "f1-score": 0.6443636363636364,
        "support": 497.0
    },
    "UP": {
        "precision": 0.5537190082644629,
        "recall": 0.13346613545816732,
        "f1-score": 0.21508828250401282,
        "support": 502.0
    },
    "accuracy": 0.5105105105105106,
    "macro avg": {
        "precision": 0.5291374084602496,
        "recall": 0.5124071119946771,
        "f1-score": 0.4297259594338246,
        "support": 999.0
    },
    "weighted avg": {
        "precision": 0.5292604394903007,
        "recall": 0.5105105105105106,
        "f1-score": 0.4286516967865282,
        "support": 999.0
    }
}