{
    "DOWN": {
        "precision": 0.4955357142857143,
        "recall": 0.22334004024144868,
        "f1-score": 0.3079056865464632,
        "support": 497.0
    },
    "UP": {
        "precision": 0.5019354838709678,
        "recall": 0.7749003984063745,
        "f1-score": 0.6092404072043853,
        "support": 502.0
    },
    "accuracy": 0.5005005005005005,
    "macro avg": {
        "precision": 0.49873559907834103,
        "recall": 0.4991202193239116,
        "f1-score": 0.4585730468754243,
        "support": 999.0
    },
    "weighted avg": {
        "precision": 0.4987516145177436,
        "recall": 0.5005005005005005,
        "f1-score": 0.4593271377679616,
        "support": 999.0
    }
}