{
    "R2": 0.9711693563848034,
    "RMSE": 4.310713909503601,
    "MSE": 18.58225440958782,
    "MAPE": 0.06743661899686265,
    "ACMAPE": 1.0664356179958616
}