{
    "DOWN": {
        "precision": 0.4933920704845815,
        "recall": 0.22535211267605634,
        "f1-score": 0.3093922651933702,
        "support": 497.0
    },
    "UP": {
        "precision": 0.5012953367875648,
        "recall": 0.7709163346613546,
        "f1-score": 0.6075353218210361,
        "support": 502.0
    },
    "accuracy": 0.4994994994994995,
    "macro avg": {
        "precision": 0.49734370363607316,
        "recall": 0.49813422366870547,
        "f1-score": 0.4584637935072031,
        "support": 999.0
    },
    "weighted avg": {
        "precision": 0.4973634815797743,
        "recall": 0.4994994994994995,
        "f1-score": 0.4592098972525176,
        "support": 999.0
    }
}