{
    "DOWN": {
        "precision": 0.5138239047213952,
        "recall": 0.976687777927503,
        "f1-score": 0.6733869094625353,
        "support": 7421.0
    },
    "UP": {
        "precision": 0.5126760563380282,
        "recall": 0.025852272727272727,
        "f1-score": 0.049222447599729546,
        "support": 7040.0
    },
    "accuracy": 0.5137957264366226,
    "macro avg": {
        "precision": 0.5132499805297117,
        "recall": 0.5012700253273878,
        "f1-score": 0.36130467853113246,
        "support": 14461.0
    },
    "weighted avg": {
        "precision": 0.5132651015529487,
        "recall": 0.5137957264366226,
        "f1-score": 0.36952702345782246,
        "support": 14461.0
    }
}