{
    "R2": 0.9912839275471206,
    "RMSE": 2.027582180599181,
    "MSE": 4.111089499083331,
    "MAPE": 0.7497628582914583,
    "ACMAPE": 1.775772819553218
}