{
    "R2": 0.9901320789811479,
    "RMSE": 2.157708884331808,
    "MSE": 4.655707629524416,
    "MAPE": 0.4983059702301134,
    "ACMAPE": 1.5254415094797327
}