{
    "DOWN": {
        "precision": 0.5613496932515337,
        "recall": 0.024683032101429726,
        "f1-score": 0.04728682170542635,
        "support": 7414.0
    },
    "UP": {
        "precision": 0.48770811193765495,
        "recall": 0.9796499217304682,
        "f1-score": 0.651215589821209,
        "support": 7027.0
    },
    "accuracy": 0.4893705422062184,
    "macro avg": {
        "precision": 0.5245289025945943,
        "recall": 0.502166476915949,
        "f1-score": 0.34925120576331764,
        "support": 14441.0
    },
    "weighted avg": {
        "precision": 0.5255156518490944,
        "recall": 0.4893705422062184,
        "f1-score": 0.34115895338256813,
        "support": 14441.0
    }
}