{
    "R2": 0.9718692342300355,
    "RMSE": 4.258070123746462,
    "MSE": 18.13116117874221,
    "MAPE": 0.0657515241429461,
    "ACMAPE": 1.0667525251439471
}