{
    "R2": 0.9753155202345023,
    "RMSE": 3.988724322020723,
    "MSE": 15.909921717079676,
    "MAPE": 0.06213611471096522,
    "ACMAPE": 1.0551291077039582
}