{
    "DOWN": {
        "precision": 1.0,
        "recall": 0.00013484358144552318,
        "f1-score": 0.00026965080221113657,
        "support": 7416.0
    },
    "UP": {
        "precision": 0.4868512110726644,
        "recall": 1.0,
        "f1-score": 0.6548754945310682,
        "support": 7035.0
    },
    "accuracy": 0.4868867206421701,
    "macro avg": {
        "precision": 0.7434256055363322,
        "recall": 0.5000674217907227,
        "f1-score": 0.32757257266663964,
        "support": 14451.0
    },
    "weighted avg": {
        "precision": 0.7501901785271742,
        "recall": 0.4868867206421701,
        "f1-score": 0.31894324506091365,
        "support": 14451.0
    }
}