{
    "DOWN": {
        "precision": 0.48417721518987344,
        "recall": 0.30784708249496984,
        "f1-score": 0.3763837638376384,
        "support": 497.0
    },
    "UP": {
        "precision": 0.49633967789165445,
        "recall": 0.6752988047808764,
        "f1-score": 0.5721518987341772,
        "support": 502.0
    },
    "accuracy": 0.4924924924924925,
    "macro avg": {
        "precision": 0.49025844654076395,
        "recall": 0.49157294363792314,
        "f1-score": 0.47426783128590777,
        "support": 999.0
    },
    "weighted avg": {
        "precision": 0.4902888831341118,
        "recall": 0.4924924924924925,
        "f1-score": 0.4747577415333966,
        "support": 999.0
    }
}