{
    "DOWN": {
        "precision": 0.502262443438914,
        "recall": 0.22334004024144868,
        "f1-score": 0.309192200557103,
        "support": 497.0
    },
    "UP": {
        "precision": 0.5038560411311054,
        "recall": 0.7808764940239044,
        "f1-score": 0.6125,
        "support": 502.0
    },
    "accuracy": 0.5035035035035035,
    "macro avg": {
        "precision": 0.5030592422850098,
        "recall": 0.5021082671326765,
        "f1-score": 0.46084610027855155,
        "support": 999.0
    },
    "weighted avg": {
        "precision": 0.5030632302672223,
        "recall": 0.5035035035035035,
        "f1-score": 0.46160512880568594,
        "support": 999.0
    }
}