{
    "R2": 0.9982209230297245,
    "RMSE": 0.9159766843772026,
    "MSE": 0.8390132863226535,
    "MAPE": 0.5168399986508949,
    "ACMAPE": 1.4892485457776496
}