{
    "R2": 0.9897095812239316,
    "RMSE": 2.2032590542864616,
    "MSE": 4.854350460295274,
    "MAPE": 0.5355107847119858,
    "ACMAPE": 1.5617373434276456
}