{
    "DOWN": {
        "precision": 0.4,
        "recall": 0.001078894133513149,
        "f1-score": 0.002151983860121049,
        "support": 7415.0
    },
    "UP": {
        "precision": 0.48655205878275337,
        "recall": 0.9982932726496943,
        "f1-score": 0.6542387099780956,
        "support": 7031.0
    },
    "accuracy": 0.48643223037519034,
    "macro avg": {
        "precision": 0.44327602939137667,
        "recall": 0.4996860833916037,
        "f1-score": 0.32819534691910834,
        "support": 14446.0
    },
    "weighted avg": {
        "precision": 0.4421256766787719,
        "recall": 0.48643223037519034,
        "f1-score": 0.3195285428616079,
        "support": 14446.0
    }
}