{
    "R2": 0.9951054013832918,
    "RMSE": 1.5197409119079965,
    "MSE": 2.3096124393269486,
    "MAPE": 0.2696667804291109,
    "ACMAPE": 1.290925696016674
}