{
    "R2": 0.9755037880931752,
    "RMSE": 3.9734842613267993,
    "MSE": 15.788577175011781,
    "MAPE": 0.053341579991590504,
    "ACMAPE": 1.0683565950066054
}