{
    "DOWN": {
        "precision": 1.0,
        "recall": 0.00026961445133459155,
        "f1-score": 0.0005390835579514825,
        "support": 7418.0
    },
    "UP": {
        "precision": 0.48692403486924035,
        "recall": 1.0,
        "f1-score": 0.6549413735343383,
        "support": 7038.0
    },
    "accuracy": 0.4869950193691201,
    "macro avg": {
        "precision": 0.7434620174346201,
        "recall": 0.5001348072256673,
        "f1-score": 0.32774022854614493,
        "support": 14456.0
    },
    "weighted avg": {
        "precision": 0.7502055449231955,
        "recall": 0.4869950193691201,
        "f1-score": 0.3191392023220502,
        "support": 14456.0
    }
}