{
    "DOWN": {
        "precision": 0.5110021375581542,
        "recall": 0.8273615635179153,
        "f1-score": 0.6317916828604742,
        "support": 4912.0
    },
    "UP": {
        "precision": 0.5140401146131806,
        "recall": 0.18742164646886753,
        "f1-score": 0.2746899402847956,
        "support": 4786.0
    },
    "accuracy": 0.5115487729428748,
    "macro avg": {
        "precision": 0.5125211260856674,
        "recall": 0.5073916049933914,
        "f1-score": 0.45324081157263485,
        "support": 9698.0
    },
    "weighted avg": {
        "precision": 0.5125013908253594,
        "recall": 0.5115487729428748,
        "f1-score": 0.4555606104777976,
        "support": 9698.0
    }
}