{
    "R2": 0.9409426422980988,
    "RMSE": 9.387051813499673,
    "MSE": 88.1167417493275,
    "MAPE": 0.05720447803508307,
    "ACMAPE": 1.1042515250821303
}