{
    "DOWN": {
        "precision": 0.5174981384959046,
        "recall": 0.7068755085435313,
        "f1-score": 0.5975410540796148,
        "support": 4916.0
    },
    "UP": {
        "precision": 0.518543267624457,
        "recall": 0.32387312186978295,
        "f1-score": 0.3987154784842646,
        "support": 4792.0
    },
    "accuracy": 0.5178203543469304,
    "macro avg": {
        "precision": 0.5180207030601809,
        "recall": 0.5153743152066571,
        "f1-score": 0.4981282662819397,
        "support": 9708.0
    },
    "weighted avg": {
        "precision": 0.5180140283582885,
        "recall": 0.5178203543469304,
        "f1-score": 0.49939806291223554,
        "support": 9708.0
    }
}