{
    "R2": 0.9673054708566364,
    "RMSE": 6.984410435004359,
    "MSE": 48.78198912459778,
    "MAPE": 0.04021991051651023,
    "ACMAPE": 1.0472269175235172
}