{
    "DOWN": {
        "precision": 0.49108204518430437,
        "recall": 0.8768577494692145,
        "f1-score": 0.6295731707317074,
        "support": 471.0
    },
    "UP": {
        "precision": 0.6329113924050633,
        "recall": 0.1893939393939394,
        "f1-score": 0.29154518950437314,
        "support": 528.0
    },
    "accuracy": 0.5135135135135135,
    "macro avg": {
        "precision": 0.5619967187946838,
        "recall": 0.533125844431577,
        "f1-score": 0.46055918011804026,
        "support": 999.0
    },
    "weighted avg": {
        "precision": 0.5660429013730538,
        "recall": 0.5135135135135135,
        "f1-score": 0.45091573921215533,
        "support": 999.0
    }
}