{
    "R2": 0.9993155956275307,
    "RMSE": 0.3040092228586899,
    "MSE": 0.09242160758314459,
    "MAPE": 0.034683733218498776,
    "ACMAPE": 0.999043024524638
}