{
    "R2": 0.9755909378447084,
    "RMSE": 6.0348677264759925,
    "MSE": 36.41962847606151,
    "MAPE": 0.03393270195801872,
    "ACMAPE": 1.0069056749309917
}