{
    "R2": 0.999407786432489,
    "RMSE": 0.28299972997525263,
    "MSE": 0.0800888471660659,
    "MAPE": 0.030035452380624578,
    "ACMAPE": 1.0124879709603107
}