{
    "DOWN": {
        "precision": 0.48237885462555063,
        "recall": 0.9299363057324841,
        "f1-score": 0.6352429296591732,
        "support": 471.0
    },
    "UP": {
        "precision": 0.6373626373626373,
        "recall": 0.10984848484848485,
        "f1-score": 0.1873990306946688,
        "support": 528.0
    },
    "accuracy": 0.4964964964964965,
    "macro avg": {
        "precision": 0.5598707459940939,
        "recall": 0.5198923952904845,
        "f1-score": 0.411320980176921,
        "support": 999.0
    },
    "weighted avg": {
        "precision": 0.5642922052613683,
        "recall": 0.4964964964964965,
        "f1-score": 0.3985446527289847,
        "support": 999.0
    }
}