{
    "DOWN": {
        "precision": 0.4759467758444217,
        "recall": 0.9872611464968153,
        "f1-score": 0.6422651933701657,
        "support": 471.0
    },
    "UP": {
        "precision": 0.7272727272727273,
        "recall": 0.030303030303030304,
        "f1-score": 0.05818181818181818,
        "support": 528.0
    },
    "accuracy": 0.48148148148148145,
    "macro avg": {
        "precision": 0.6016097515585745,
        "recall": 0.5087820883999228,
        "f1-score": 0.350223505775992,
        "support": 999.0
    },
    "weighted avg": {
        "precision": 0.6087797111338564,
        "recall": 0.48148148148148145,
        "f1-score": 0.333560466543892,
        "support": 999.0
    }
}