{
    "R2": 0.9992254943447461,
    "RMSE": 0.3234608537080501,
    "MSE": 0.1046269238815406,
    "MAPE": 0.17964919495566203,
    "ACMAPE": 1.2127317467437688
}