{
    "DOWN": {
        "precision": 0.48012889366272826,
        "recall": 0.9490445859872612,
        "f1-score": 0.6376604850213979,
        "support": 471.0
    },
    "UP": {
        "precision": 0.6470588235294118,
        "recall": 0.08333333333333333,
        "f1-score": 0.14765100671140938,
        "support": 528.0
    },
    "accuracy": 0.4914914914914915,
    "macro avg": {
        "precision": 0.56359385859607,
        "recall": 0.5161889596602972,
        "f1-score": 0.39265574586640367,
        "support": 999.0
    },
    "weighted avg": {
        "precision": 0.568356123862537,
        "recall": 0.4914914914914915,
        "f1-score": 0.3786764964851878,
        "support": 999.0
    }
}