{
    "R2": 0.9993939147274848,
    "RMSE": 0.28619068730279495,
    "MSE": 0.08190510949884618,
    "MAPE": 0.2813438636924477,
    "ACMAPE": 1.258246317806698
}