{
    "DOWN": {
        "precision": 0.45544554455445546,
        "recall": 0.11246943765281174,
        "f1-score": 0.1803921568627451,
        "support": 4908.0
    },
    "UP": {
        "precision": 0.48638132295719844,
        "recall": 0.8620689655172413,
        "f1-score": 0.6218905472636815,
        "support": 4785.0
    },
    "accuracy": 0.482513153822346,
    "macro avg": {
        "precision": 0.47091343375582695,
        "recall": 0.4872692015850265,
        "f1-score": 0.40114135206321333,
        "support": 9693.0
    },
    "weighted avg": {
        "precision": 0.4707171528962615,
        "recall": 0.482513153822346,
        "f1-score": 0.3983401397440492,
        "support": 9693.0
    }
}