{
    "R2": 0.854892968833863,
    "RMSE": 14.714192630140046,
    "MSE": 216.50746475686762,
    "MAPE": 0.08638325023839245,
    "ACMAPE": 1.1234202872754298
}