{
    "DOWN": {
        "precision": 0.4807073954983923,
        "recall": 0.24328722538649308,
        "f1-score": 0.32306861156131816,
        "support": 4916.0
    },
    "UP": {
        "precision": 0.48440748440748443,
        "recall": 0.7301023605598496,
        "f1-score": 0.5824029328445259,
        "support": 4787.0
    },
    "accuracy": 0.4834587241059466,
    "macro avg": {
        "precision": 0.48255743995293837,
        "recall": 0.4866947929731713,
        "f1-score": 0.45273577220292205,
        "support": 9703.0
    },
    "weighted avg": {
        "precision": 0.4825328438759893,
        "recall": 0.4834587241059466,
        "f1-score": 0.4510118658107993,
        "support": 9703.0
    }
}