{
    "R2": 0.9993999580823153,
    "RMSE": 0.2848121593182812,
    "MSE": 0.08111796609554199,
    "MAPE": 0.39109415698354383,
    "ACMAPE": 1.426067849338852
}