{
    "DOWN": {
        "precision": 0.5158918918918919,
        "recall": 0.48634325315939664,
        "f1-score": 0.5006819851012486,
        "support": 4906.0
    },
    "UP": {
        "precision": 0.5022713806043847,
        "recall": 0.5317858636553743,
        "f1-score": 0.5166074149314372,
        "support": 4782.0
    },
    "accuracy": 0.5087737407101569,
    "macro avg": {
        "precision": 0.5090816362481383,
        "recall": 0.5090645584073854,
        "f1-score": 0.508644700016343,
        "support": 9688.0
    },
    "weighted avg": {
        "precision": 0.5091688030214482,
        "recall": 0.5087737407101569,
        "f1-score": 0.5085427825256873,
        "support": 9688.0
    }
}