{
    "DOWN": {
        "precision": 0.47346938775510206,
        "recall": 0.9851380042462845,
        "f1-score": 0.6395589248793935,
        "support": 471.0
    },
    "UP": {
        "precision": 0.631578947368421,
        "recall": 0.022727272727272728,
        "f1-score": 0.04387568555758684,
        "support": 528.0
    },
    "accuracy": 0.47647647647647645,
    "macro avg": {
        "precision": 0.5525241675617616,
        "recall": 0.5039326384867786,
        "f1-score": 0.34171730521849014,
        "support": 999.0
    },
    "weighted avg": {
        "precision": 0.5570348006438232,
        "recall": 0.47647647647647645,
        "f1-score": 0.32472333893153166,
        "support": 999.0
    }
}