{
    "R2": 0.9698162330291425,
    "RMSE": 6.710871586208309,
    "MSE": 45.03579744657802,
    "MAPE": 0.03890771624410418,
    "ACMAPE": 1.0559247332611212
}