{
    "R2": 0.9956840595835094,
    "RMSE": 1.4667764165619135,
    "MSE": 2.1514330561822077,
    "MAPE": 0.35883784583229844,
    "ACMAPE": 1.3447989689424498
}