{
    "R2": 0.9331086852600439,
    "RMSE": 8.187791610230551,
    "MSE": 67.03993145256182,
    "MAPE": 0.05987954888623615,
    "ACMAPE": 1.0088284978351851
}