{
    "DOWN": {
        "precision": 0.49122807017543857,
        "recall": 0.061606160616061605,
        "f1-score": 0.10948191593352884,
        "support": 2727.0
    },
    "UP": {
        "precision": 0.5073161340007701,
        "recall": 0.9380562477750088,
        "f1-score": 0.6585030613519931,
        "support": 2809.0
    },
    "accuracy": 0.5063222543352601,
    "macro avg": {
        "precision": 0.49927210208810435,
        "recall": 0.49983120419553523,
        "f1-score": 0.383992488642761,
        "support": 5536.0
    },
    "weighted avg": {
        "precision": 0.4993912514047299,
        "recall": 0.5063222543352601,
        "f1-score": 0.3880585773281217,
        "support": 5536.0
    }
}