{
    "R2": 0.9380129479677038,
    "RMSE": 7.881926961774453,
    "MSE": 62.12477263074706,
    "MAPE": 0.05645468904471536,
    "ACMAPE": 0.9833816159716423
}