{
    "R2": 0.9298383500072552,
    "RMSE": 8.385554997635266,
    "MSE": 70.31753261836577,
    "MAPE": 0.04939703015603787,
    "ACMAPE": 1.0303780111370189
}