{
    "R2": 0.975936377679893,
    "RMSE": 3.465272147208406,
    "MSE": 12.008111054218356,
    "MAPE": 0.8013283012661534,
    "ACMAPE": 1.7908703135272426
}