{
    "DOWN": {
        "precision": 0.5135135135135135,
        "recall": 0.3941908713692946,
        "f1-score": 0.4460093896713615,
        "support": 482.0
    },
    "UP": {
        "precision": 0.5357710651828299,
        "recall": 0.6518375241779497,
        "f1-score": 0.588132635253054,
        "support": 517.0
    },
    "accuracy": 0.5275275275275275,
    "macro avg": {
        "precision": 0.5246422893481717,
        "recall": 0.5230141977736221,
        "f1-score": 0.5170710124622078,
        "support": 999.0
    },
    "weighted avg": {
        "precision": 0.5250321863994359,
        "recall": 0.5275275275275275,
        "f1-score": 0.5195606589063315,
        "support": 999.0
    }
}