{
    "R2": 0.9932265088282395,
    "RMSE": 1.8389864288502675,
    "MSE": 3.38187108549546,
    "MAPE": 0.4671096430600153,
    "ACMAPE": 1.4506866147257795
}