{
    "DOWN": {
        "precision": 0.5180180180180181,
        "recall": 0.23858921161825727,
        "f1-score": 0.32670454545454547,
        "support": 482.0
    },
    "UP": {
        "precision": 0.5276705276705277,
        "recall": 0.793036750483559,
        "f1-score": 0.633693972179289,
        "support": 517.0
    },
    "accuracy": 0.5255255255255256,
    "macro avg": {
        "precision": 0.5228442728442728,
        "recall": 0.5158129810509081,
        "f1-score": 0.4801992588169173,
        "support": 999.0
    },
    "weighted avg": {
        "precision": 0.5230133608511988,
        "recall": 0.5255255255255256,
        "f1-score": 0.48557695147726054,
        "support": 999.0
    }
}