{
    "R2": 0.9899690729554561,
    "RMSE": 2.2385052974770248,
    "MSE": 5.010905966832704,
    "MAPE": 0.6326823847895396,
    "ACMAPE": 1.6200378761190195
}