{
    "DOWN": {
        "precision": 0.4934426229508197,
        "recall": 0.6244813278008299,
        "f1-score": 0.5512820512820513,
        "support": 482.0
    },
    "UP": {
        "precision": 0.5347043701799485,
        "recall": 0.402321083172147,
        "f1-score": 0.4591611479028697,
        "support": 517.0
    },
    "accuracy": 0.5095095095095095,
    "macro avg": {
        "precision": 0.5140734965653841,
        "recall": 0.5134012054864885,
        "f1-score": 0.5052215995924605,
        "support": 999.0
    },
    "weighted avg": {
        "precision": 0.5147962999452738,
        "recall": 0.5095095095095095,
        "f1-score": 0.5036078700537862,
        "support": 999.0
    }
}