{
    "DOWN": {
        "precision": 0.4759825327510917,
        "recall": 0.03988291255031101,
        "f1-score": 0.07359891964888589,
        "support": 2733.0
    },
    "UP": {
        "precision": 0.5064886214030468,
        "recall": 0.9573409171702808,
        "f1-score": 0.6624846248462484,
        "support": 2813.0
    },
    "accuracy": 0.5052289938694554,
    "macro avg": {
        "precision": 0.4912355770770693,
        "recall": 0.4986119148602959,
        "f1-score": 0.3680417722475671,
        "support": 5546.0
    },
    "weighted avg": {
        "precision": 0.4914555993536791,
        "recall": 0.5052289938694554,
        "f1-score": 0.3722890546507216,
        "support": 5546.0
    }
}