{
    "DOWN": {
        "precision": 0.4991394148020654,
        "recall": 0.10591672753834916,
        "f1-score": 0.17475143115396202,
        "support": 2738.0
    },
    "UP": {
        "precision": 0.5079396984924623,
        "recall": 0.896735273243435,
        "f1-score": 0.6485307327088412,
        "support": 2818.0
    },
    "accuracy": 0.5070194384449244,
    "macro avg": {
        "precision": 0.5035395566472639,
        "recall": 0.5013260003908921,
        "f1-score": 0.4116410819314016,
        "support": 5556.0
    },
    "weighted avg": {
        "precision": 0.5036029136212768,
        "recall": 0.5070194384449244,
        "f1-score": 0.4150520200275491,
        "support": 5556.0
    }
}