{
    "R2": 0.9757992110864385,
    "RMSE": 3.4742117685185967,
    "MSE": 12.070147412513116,
    "MAPE": 0.7118108542370841,
    "ACMAPE": 1.6939762298450827
}