{
    "DOWN": {
        "precision": 0.5111111111111111,
        "recall": 0.07568555758683729,
        "f1-score": 0.13184713375796178,
        "support": 2735.0
    },
    "UP": {
        "precision": 0.5087446560435289,
        "recall": 0.9296875,
        "f1-score": 0.6576237126350163,
        "support": 2816.0
    },
    "accuracy": 0.5089173121960007,
    "macro avg": {
        "precision": 0.50992788357732,
        "recall": 0.5026865287934187,
        "f1-score": 0.394735423196489,
        "support": 5551.0
    },
    "weighted avg": {
        "precision": 0.5099106179620728,
        "recall": 0.5089173121960007,
        "f1-score": 0.39857148002310056,
        "support": 5551.0
    }
}