{
    "DOWN": {
        "precision": 0.5055187637969095,
        "recall": 0.08388278388278388,
        "f1-score": 0.1438894125039271,
        "support": 2730.0
    },
    "UP": {
        "precision": 0.5084512578616353,
        "recall": 0.92031305585201,
        "f1-score": 0.6550196227370554,
        "support": 2811.0
    },
    "accuracy": 0.5082115141671179,
    "macro avg": {
        "precision": 0.5069850108292724,
        "recall": 0.5020979198673969,
        "f1-score": 0.3994545176204912,
        "support": 5541.0
    },
    "weighted avg": {
        "precision": 0.5070064448681862,
        "recall": 0.5082115141671179,
        "f1-score": 0.40319044498277995,
        "support": 5541.0
    }
}