{
    "DOWN": {
        "precision": 0.5292307692307693,
        "recall": 0.35684647302904565,
        "f1-score": 0.42627013630731103,
        "support": 482.0
    },
    "UP": {
        "precision": 0.5400593471810089,
        "recall": 0.7040618955512572,
        "f1-score": 0.6112510495382032,
        "support": 517.0
    },
    "accuracy": 0.5365365365365365,
    "macro avg": {
        "precision": 0.534645058205889,
        "recall": 0.5304541842901515,
        "f1-score": 0.5187605929227571,
        "support": 999.0
    },
    "weighted avg": {
        "precision": 0.5348347480098222,
        "recall": 0.5365365365365365,
        "f1-score": 0.5220009993106857,
        "support": 999.0
    }
}