{
    "DOWN": {
        "precision": 0.4957841483979764,
        "recall": 0.6099585062240664,
        "f1-score": 0.5469767441860466,
        "support": 482.0
    },
    "UP": {
        "precision": 0.5369458128078818,
        "recall": 0.42166344294003866,
        "f1-score": 0.4723726977248104,
        "support": 517.0
    },
    "accuracy": 0.5125125125125125,
    "macro avg": {
        "precision": 0.5163649806029291,
        "recall": 0.5158109745820525,
        "f1-score": 0.5096747209554284,
        "support": 999.0
    },
    "weighted avg": {
        "precision": 0.5170860307802797,
        "recall": 0.5125125125125125,
        "f1-score": 0.508367843264666,
        "support": 999.0
    }
}