{
    "R2": 0.9729855617781183,
    "RMSE": 5.203312207357492,
    "MSE": 27.074457927235493,
    "MAPE": 0.033668371141848334,
    "ACMAPE": 0.9786133160867933
}