{
    "R2": 0.9262289248520348,
    "RMSE": 8.598545055085044,
    "MSE": 73.93497706432746,
    "MAPE": 0.051565615858739255,
    "ACMAPE": 1.0265405908337142
}