{
    "DOWN": {
        "precision": 0.46916299559471364,
        "recall": 0.9260869565217391,
        "f1-score": 0.6228070175438596,
        "support": 460.0
    },
    "UP": {
        "precision": 0.6263736263736264,
        "recall": 0.10575139146567718,
        "f1-score": 0.18095238095238098,
        "support": 539.0
    },
    "accuracy": 0.48348348348348347,
    "macro avg": {
        "precision": 0.54776831098417,
        "recall": 0.5159191739937081,
        "f1-score": 0.4018796992481203,
        "support": 999.0
    },
    "weighted avg": {
        "precision": 0.5539843469358888,
        "recall": 0.48348348348348347,
        "f1-score": 0.38440897037388266,
        "support": 999.0
    }
}