{
    "R2": 0.9980279141723346,
    "RMSE": 0.6952799608113832,
    "MSE": 0.4834142239058785,
    "MAPE": 0.022567781173488052,
    "ACMAPE": 1.0252559532164989
}