{
    "DOWN": {
        "precision": 0.49022346368715086,
        "recall": 0.75,
        "f1-score": 0.5929054054054055,
        "support": 468.0
    },
    "UP": {
        "precision": 0.5865724381625441,
        "recall": 0.3126177024482109,
        "f1-score": 0.40786240786240785,
        "support": 531.0
    },
    "accuracy": 0.5175175175175175,
    "macro avg": {
        "precision": 0.5383979509248475,
        "recall": 0.5313088512241054,
        "f1-score": 0.5003839066339066,
        "support": 999.0
    },
    "weighted avg": {
        "precision": 0.541435981651549,
        "recall": 0.5175175175175175,
        "f1-score": 0.4945492175221905,
        "support": 999.0
    }
}