{
    "DOWN": {
        "precision": 0.47719298245614034,
        "recall": 0.22780569514237856,
        "f1-score": 0.30839002267573695,
        "support": 1791.0
    },
    "UP": {
        "precision": 0.5164335664335664,
        "recall": 0.7676715176715176,
        "f1-score": 0.6174749163879598,
        "support": 1924.0
    },
    "accuracy": 0.5074024226110363,
    "macro avg": {
        "precision": 0.49681327444485335,
        "recall": 0.4977386064069481,
        "f1-score": 0.4629324695318484,
        "support": 3715.0
    },
    "weighted avg": {
        "precision": 0.4975156967421613,
        "recall": 0.5074024226110363,
        "f1-score": 0.468465213928043,
        "support": 3715.0
    }
}