{
    "DOWN": {
        "precision": 0.4711211778029445,
        "recall": 0.9043478260869565,
        "f1-score": 0.6195085629188384,
        "support": 460.0
    },
    "UP": {
        "precision": 0.6206896551724138,
        "recall": 0.13358070500927643,
        "f1-score": 0.21984732824427483,
        "support": 539.0
    },
    "accuracy": 0.48848848848848847,
    "macro avg": {
        "precision": 0.5459054164876791,
        "recall": 0.5189642655481165,
        "f1-score": 0.4196779455815566,
        "support": 999.0
    },
    "weighted avg": {
        "precision": 0.5518192852124979,
        "recall": 0.48848848848848847,
        "f1-score": 0.40387552439072055,
        "support": 999.0
    }
}