{
    "R2": 0.9311659782317965,
    "RMSE": 7.20905389610105,
    "MSE": 51.97045807688973,
    "MAPE": 0.04578857867669886,
    "ACMAPE": 1.010753543641664
}