{
    "R2": 0.9977423139065749,
    "RMSE": 0.7551178066011973,
    "MSE": 0.5702029018462033,
    "MAPE": 0.02521162980193164,
    "ACMAPE": 1.038149635192767
}