{
    "DOWN": {
        "precision": 0.4876325088339223,
        "recall": 0.8846153846153846,
        "f1-score": 0.6287015945330297,
        "support": 468.0
    },
    "UP": {
        "precision": 0.64,
        "recall": 0.1807909604519774,
        "f1-score": 0.2819383259911894,
        "support": 531.0
    },
    "accuracy": 0.5105105105105106,
    "macro avg": {
        "precision": 0.5638162544169611,
        "recall": 0.532703172533681,
        "f1-score": 0.4553199602621095,
        "support": 999.0
    },
    "weighted avg": {
        "precision": 0.5686206347690447,
        "recall": 0.5105105105105106,
        "f1-score": 0.44438598332610557,
        "support": 999.0
    }
}