{
    "R2": 0.8904446663987835,
    "RMSE": 9.094806485248716,
    "MSE": 82.7155050041221,
    "MAPE": 0.059967820826391745,
    "ACMAPE": 1.082990843849415
}