{
    "R2": 0.997067822959535,
    "RMSE": 0.8473875336893225,
    "MSE": 0.7180656322520728,
    "MAPE": 0.027222453425114503,
    "ACMAPE": 1.0124176082030418
}