{
    "R2": 0.9977331088190488,
    "RMSE": 0.7573645959605464,
    "MSE": 0.5736011312144818,
    "MAPE": 0.024823590327035454,
    "ACMAPE": 1.0328881064560678
}