{
    "R2": 0.94766477279321,
    "RMSE": 6.368547559330359,
    "MSE": 40.558398015452674,
    "MAPE": 0.040149146217349385,
    "ACMAPE": 1.0331421392103424
}