{
    "R2": 0.9033841507024681,
    "RMSE": 8.653016410717107,
    "MSE": 74.87469300413957,
    "MAPE": 0.06185764779460782,
    "ACMAPE": 1.0248206107575708
}