{
    "DOWN": {
        "precision": 0.4781997187060478,
        "recall": 0.7391304347826086,
        "f1-score": 0.5807002561912895,
        "support": 460.0
    },
    "UP": {
        "precision": 0.5833333333333334,
        "recall": 0.3116883116883117,
        "f1-score": 0.4062877871825877,
        "support": 539.0
    },
    "accuracy": 0.5085085085085085,
    "macro avg": {
        "precision": 0.5307665260196905,
        "recall": 0.5254093732354601,
        "f1-score": 0.49349402168693857,
        "support": 999.0
    },
    "weighted avg": {
        "precision": 0.5349234607321809,
        "recall": 0.5085085085085085,
        "f1-score": 0.48659783297238035,
        "support": 999.0
    }
}