{
    "DOWN": {
        "precision": 0.48214285714285715,
        "recall": 0.04530201342281879,
        "f1-score": 0.08282208588957056,
        "support": 1788.0
    },
    "UP": {
        "precision": 0.5201012088838909,
        "recall": 0.9550851832731028,
        "f1-score": 0.673461958500182,
        "support": 1937.0
    },
    "accuracy": 0.5183892617449665,
    "macro avg": {
        "precision": 0.501122033013374,
        "recall": 0.5001935983479607,
        "f1-score": 0.37814202219487625,
        "support": 3725.0
    },
    "weighted avg": {
        "precision": 0.5018812000481947,
        "recall": 0.5183892617449665,
        "f1-score": 0.3899548196470885,
        "support": 3725.0
    }
}