{
    "DOWN": {
        "precision": 0.4664764621968616,
        "recall": 0.3663865546218487,
        "f1-score": 0.41041732036397865,
        "support": 1785.0
    },
    "UP": {
        "precision": 0.5099653379549394,
        "recall": 0.6114285714285714,
        "f1-score": 0.5561067800614221,
        "support": 1925.0
    },
    "accuracy": 0.4935309973045822,
    "macro avg": {
        "precision": 0.48822090007590047,
        "recall": 0.4889075630252101,
        "f1-score": 0.4832620502127004,
        "support": 3710.0
    },
    "weighted avg": {
        "precision": 0.48904144490152457,
        "recall": 0.4935309973045822,
        "f1-score": 0.48601090794284085,
        "support": 3710.0
    }
}