{
    "DOWN": {
        "precision": 0.4766009852216749,
        "recall": 0.4326439351593069,
        "f1-score": 0.45355991796073836,
        "support": 1789.0
    },
    "UP": {
        "precision": 0.5134228187919463,
        "recall": 0.5575221238938053,
        "f1-score": 0.5345645121038183,
        "support": 1921.0
    },
    "accuracy": 0.4973045822102426,
    "macro avg": {
        "precision": 0.49501190200681056,
        "recall": 0.4950830295265561,
        "f1-score": 0.4940622150322783,
        "support": 3710.0
    },
    "weighted avg": {
        "precision": 0.4956669534935054,
        "recall": 0.4973045822102426,
        "f1-score": 0.49550326711137355,
        "support": 3710.0
    }
}