{
    "DOWN": {
        "precision": 0.4770992366412214,
        "recall": 0.06979341150195421,
        "f1-score": 0.12177301509985387,
        "support": 1791.0
    },
    "UP": {
        "precision": 0.5196078431372549,
        "recall": 0.9293450232078391,
        "f1-score": 0.6665433697059368,
        "support": 1939.0
    },
    "accuracy": 0.5166219839142091,
    "macro avg": {
        "precision": 0.49835353988923814,
        "recall": 0.4995692173548966,
        "f1-score": 0.3941581924028953,
        "support": 3730.0
    },
    "weighted avg": {
        "precision": 0.4991968741736099,
        "recall": 0.5166219839142091,
        "f1-score": 0.4049659688749731,
        "support": 3730.0
    }
}