{
    "R2": 0.9977817189715171,
    "RMSE": 0.7367055349135154,
    "MSE": 0.5427350451722089,
    "MAPE": 0.024939514271718224,
    "ACMAPE": 1.0303303498512328
}