{
    "DOWN": {
        "precision": 0.48303622771707877,
        "recall": 0.4700615556799105,
        "f1-score": 0.47646057855927393,
        "support": 1787.0
    },
    "UP": {
        "precision": 0.520748987854251,
        "recall": 0.5337136929460581,
        "f1-score": 0.5271516393442623,
        "support": 1928.0
    },
    "accuracy": 0.5030955585464334,
    "macro avg": {
        "precision": 0.5018926077856649,
        "recall": 0.5018876243129843,
        "f1-score": 0.5018061089517681,
        "support": 3715.0
    },
    "weighted avg": {
        "precision": 0.5026082873521981,
        "recall": 0.5030955585464334,
        "f1-score": 0.5027680792842961,
        "support": 3715.0
    }
}