{
    "DOWN": {
        "precision": 0.47639956092206365,
        "recall": 0.9273504273504274,
        "f1-score": 0.6294416243654821,
        "support": 468.0
    },
    "UP": {
        "precision": 0.6136363636363636,
        "recall": 0.1016949152542373,
        "f1-score": 0.17447495961227785,
        "support": 531.0
    },
    "accuracy": 0.48848848848848847,
    "macro avg": {
        "precision": 0.5450179622792136,
        "recall": 0.5145226713023323,
        "f1-score": 0.40195829198888,
        "support": 999.0
    },
    "weighted avg": {
        "precision": 0.5493452488512862,
        "recall": 0.48848848848848847,
        "f1-score": 0.3876124962534186,
        "support": 999.0
    }
}