{
    "DOWN": {
        "precision": 0.4880952380952381,
        "recall": 0.04575892857142857,
        "f1-score": 0.08367346938775509,
        "support": 1792.0
    },
    "UP": {
        "precision": 0.5192578015181333,
        "recall": 0.9555095706156234,
        "f1-score": 0.6728597449908925,
        "support": 1933.0
    },
    "accuracy": 0.5178523489932886,
    "macro avg": {
        "precision": 0.5036765198066857,
        "recall": 0.500634249593526,
        "f1-score": 0.3782666071893238,
        "support": 3725.0
    },
    "weighted avg": {
        "precision": 0.5042663079197901,
        "recall": 0.5178523489932886,
        "f1-score": 0.38941764945241675,
        "support": 3725.0
    }
}