{
    "R2": 0.9080727733722042,
    "RMSE": 8.331031546267608,
    "MSE": 69.40608662490605,
    "MAPE": 0.060507068290167096,
    "ACMAPE": 1.0154620232451221
}