{
    "R2": 0.9224860763022896,
    "RMSE": 7.650090282927761,
    "MSE": 58.52388133694575,
    "MAPE": 0.04902981197374591,
    "ACMAPE": 1.028008790952725
}