{
    "DOWN": {
        "precision": 0.48348214285714286,
        "recall": 0.6046901172529313,
        "f1-score": 0.5373356487224015,
        "support": 1791.0
    },
    "UP": {
        "precision": 0.5216216216216216,
        "recall": 0.4002073613271125,
        "f1-score": 0.45291874449985337,
        "support": 1929.0
    },
    "accuracy": 0.4986559139784946,
    "macro avg": {
        "precision": 0.5025518822393822,
        "recall": 0.5024487392900219,
        "f1-score": 0.4951271966111274,
        "support": 3720.0
    },
    "weighted avg": {
        "precision": 0.503259308055175,
        "recall": 0.4986559139784946,
        "f1-score": 0.4935613991940963,
        "support": 3720.0
    }
}