{
    "R2": 0.947160770838196,
    "RMSE": 3.6583359897775125,
    "MSE": 13.383422214101412,
    "MAPE": 0.16883122406358564,
    "ACMAPE": 1.1320527005736527
}