{
    "R2": 0.997766726450228,
    "RMSE": 0.7513686474352268,
    "MSE": 0.5645548443486421,
    "MAPE": 0.02522163064900825,
    "ACMAPE": 1.0190305135561415
}