{
    "R2": 0.9308496294183946,
    "RMSE": 7.320497478247757,
    "MSE": 53.58968332903177,
    "MAPE": 0.046295604558480905,
    "ACMAPE": 1.0292785875414638
}