{
    "DOWN": {
        "precision": 0.4786995515695067,
        "recall": 0.9123931623931624,
        "f1-score": 0.6279411764705882,
        "support": 468.0
    },
    "UP": {
        "precision": 0.616822429906542,
        "recall": 0.12429378531073447,
        "f1-score": 0.20689655172413796,
        "support": 531.0
    },
    "accuracy": 0.4934934934934935,
    "macro avg": {
        "precision": 0.5477609907380243,
        "recall": 0.5183434738519485,
        "f1-score": 0.41741886409736306,
        "support": 999.0
    },
    "weighted avg": {
        "precision": 0.5521162166315344,
        "recall": 0.4934934934934935,
        "f1-score": 0.40414268223598854,
        "support": 999.0
    }
}