{
    "DOWN": {
        "precision": 0.4810606060606061,
        "recall": 0.07075208913649025,
        "f1-score": 0.12336085478387568,
        "support": 1795.0
    },
    "UP": {
        "precision": 0.5187536064627813,
        "recall": 0.9291989664082687,
        "f1-score": 0.6658026291427513,
        "support": 1935.0
    },
    "accuracy": 0.5160857908847185,
    "macro avg": {
        "precision": 0.4999071062616937,
        "recall": 0.49997552777237947,
        "f1-score": 0.3945817419633135,
        "support": 3730.0
    },
    "weighted avg": {
        "precision": 0.5006144816043618,
        "recall": 0.5160857908847185,
        "f1-score": 0.4047616144043648,
        "support": 3730.0
    }
}