{
    "R2": 0.946996010926384,
    "RMSE": 3.606360776219305,
    "MSE": 13.005838048253107,
    "MAPE": 0.16726322740458882,
    "ACMAPE": 1.1315585294180117
}