{
    "R2": 0.937980003996527,
    "RMSE": 6.932808535593238,
    "MSE": 48.06383419119445,
    "MAPE": 0.04639880768176334,
    "ACMAPE": 1.0794318407147965
}