{
    "R2": 0.9841954707619603,
    "RMSE": 1.9702390790906337,
    "MSE": 3.881842028775908,
    "MAPE": 0.10839195850023153,
    "ACMAPE": 1.0762203767307945
}