{
    "DOWN": {
        "precision": 0.491588785046729,
        "recall": 0.561965811965812,
        "f1-score": 0.5244267198404786,
        "support": 468.0
    },
    "UP": {
        "precision": 0.5581896551724138,
        "recall": 0.487758945386064,
        "f1-score": 0.5206030150753769,
        "support": 531.0
    },
    "accuracy": 0.5225225225225225,
    "macro avg": {
        "precision": 0.5248892201095714,
        "recall": 0.524862378675938,
        "f1-score": 0.5225148674579277,
        "support": 999.0
    },
    "weighted avg": {
        "precision": 0.5269892475459669,
        "recall": 0.5225225225225225,
        "f1-score": 0.5223943001905597,
        "support": 999.0
    }
}