{
    "DOWN": {
        "precision": 0.4769874476987448,
        "recall": 0.51035254616676,
        "f1-score": 0.4931062449310625,
        "support": 1787.0
    },
    "UP": {
        "precision": 0.5160398230088495,
        "recall": 0.4826694257630626,
        "f1-score": 0.49879711307137126,
        "support": 1933.0
    },
    "accuracy": 0.4959677419354839,
    "macro avg": {
        "precision": 0.49651363535379717,
        "recall": 0.4965109859649113,
        "f1-score": 0.49595167900121684,
        "support": 3720.0
    },
    "weighted avg": {
        "precision": 0.4972799857295062,
        "recall": 0.4959677419354839,
        "f1-score": 0.4960633546394541,
        "support": 3720.0
    }
}