{
    "DOWN": {
        "precision": 0.48073394495412847,
        "recall": 0.5695652173913044,
        "f1-score": 0.5213930348258706,
        "support": 460.0
    },
    "UP": {
        "precision": 0.5638766519823789,
        "recall": 0.4749536178107607,
        "f1-score": 0.515609264853978,
        "support": 539.0
    },
    "accuracy": 0.5185185185185185,
    "macro avg": {
        "precision": 0.5223052984682537,
        "recall": 0.5222594176010326,
        "f1-score": 0.5185011498399243,
        "support": 999.0
    },
    "weighted avg": {
        "precision": 0.5255927228202215,
        "recall": 0.5185185185185185,
        "f1-score": 0.518272462238433,
        "support": 999.0
    }
}