{
    "R2": 0.9126069828385682,
    "RMSE": 8.229656454321761,
    "MSE": 67.72724535615981,
    "MAPE": 0.05312746289144853,
    "ACMAPE": 1.0761504859144715
}