{
    "DOWN": {
        "precision": 0.47464788732394364,
        "recall": 0.7326086956521739,
        "f1-score": 0.576068376068376,
        "support": 460.0
    },
    "UP": {
        "precision": 0.5743944636678201,
        "recall": 0.3079777365491651,
        "f1-score": 0.40096618357487923,
        "support": 539.0
    },
    "accuracy": 0.5035035035035035,
    "macro avg": {
        "precision": 0.5245211754958818,
        "recall": 0.5202932161006695,
        "f1-score": 0.4885172798216276,
        "support": 999.0
    },
    "weighted avg": {
        "precision": 0.5284651091951643,
        "recall": 0.5035035035035035,
        "f1-score": 0.4815938197580709,
        "support": 999.0
    }
}