{
    "R2": 0.904598406458028,
    "RMSE": 8.487006103060944,
    "MSE": 72.0292725933937,
    "MAPE": 0.05531218443235078,
    "ACMAPE": 1.0683251974453638
}