{
    "R2": 0.9843381036888318,
    "RMSE": 1.992684007120063,
    "MSE": 3.9707895522320715,
    "MAPE": 0.1101297689463283,
    "ACMAPE": 1.07688580111791
}