{
    "DOWN": {
        "precision": 0.5344827586206896,
        "recall": 0.3202479338842975,
        "f1-score": 0.4005167958656331,
        "support": 484.0
    },
    "UP": {
        "precision": 0.535966149506347,
        "recall": 0.7378640776699029,
        "f1-score": 0.6209150326797386,
        "support": 515.0
    },
    "accuracy": 0.5355355355355356,
    "macro avg": {
        "precision": 0.5352244540635183,
        "recall": 0.5290560057771002,
        "f1-score": 0.5107159142726858,
        "support": 999.0
    },
    "weighted avg": {
        "precision": 0.5352474696378203,
        "recall": 0.5355355355355356,
        "f1-score": 0.5141355065355674,
        "support": 999.0
    }
}