{
    "R2": 0.9376085569457691,
    "RMSE": 17.09188562730865,
    "MSE": 292.13255429699996,
    "MAPE": 0.0674851530432602,
    "ACMAPE": 0.9944120799701871
}