{
    "R2": 0.977527712317989,
    "RMSE": 8.105731585822289,
    "MSE": 65.70288454139711,
    "MAPE": 0.13237087076217754,
    "ACMAPE": 1.0750030417408052
}