{
    "DOWN": {
        "precision": 1.0,
        "recall": 0.0011933174224343676,
        "f1-score": 0.002383790226460072,
        "support": 838.0
    },
    "UP": {
        "precision": 0.5263157894736842,
        "recall": 1.0,
        "f1-score": 0.6896551724137931,
        "support": 930.0
    },
    "accuracy": 0.5265837104072398,
    "macro avg": {
        "precision": 0.763157894736842,
        "recall": 0.5005966587112172,
        "f1-score": 0.3460194813201266,
        "support": 1768.0
    },
    "weighted avg": {
        "precision": 0.750833531793284,
        "recall": 0.5265837104072398,
        "f1-score": 0.3639009765580324,
        "support": 1768.0
    }
}