{
    "R2": 0.9536170168141473,
    "RMSE": 14.736922562597996,
    "MSE": 217.1768866160099,
    "MAPE": 0.04470512062817579,
    "ACMAPE": 1.0236840996071548
}