{
    "R2": 0.9400577140793078,
    "RMSE": 16.75305881534008,
    "MSE": 280.66497967024395,
    "MAPE": 0.067251052485628,
    "ACMAPE": 0.9961799814145569
}