{
    "R2": 0.9226478286003197,
    "RMSE": 14.997072114043002,
    "MSE": 224.91217199380623,
    "MAPE": 0.19515065461131728,
    "ACMAPE": 1.1419832337968376
}