{
    "DOWN": {
        "precision": 0.5327102803738317,
        "recall": 0.06745562130177515,
        "f1-score": 0.11974789915966388,
        "support": 845.0
    },
    "UP": {
        "precision": 0.528426092160383,
        "recall": 0.9464094319399786,
        "f1-score": 0.6781874039938556,
        "support": 933.0
    },
    "accuracy": 0.5286839145106862,
    "macro avg": {
        "precision": 0.5305681862671074,
        "recall": 0.5069325266208768,
        "f1-score": 0.39896765157675973,
        "support": 1778.0
    },
    "weighted avg": {
        "precision": 0.5304621658613753,
        "recall": 0.5286839145106862,
        "f1-score": 0.4127873018651199,
        "support": 1778.0
    }
}