{
    "R2": 0.9374100394008867,
    "RMSE": 17.119055574759436,
    "MSE": 293.0620637717021,
    "MAPE": 0.06956517043648151,
    "ACMAPE": 0.9884840893554003
}