{
    "DOWN": {
        "precision": 0.5339805825242718,
        "recall": 0.3409090909090909,
        "f1-score": 0.4161412358133669,
        "support": 484.0
    },
    "UP": {
        "precision": 0.5376811594202898,
        "recall": 0.7203883495145631,
        "f1-score": 0.6157676348547718,
        "support": 515.0
    },
    "accuracy": 0.5365365365365365,
    "macro avg": {
        "precision": 0.5358308709722808,
        "recall": 0.530648720211827,
        "f1-score": 0.5159544353340694,
        "support": 999.0
    },
    "weighted avg": {
        "precision": 0.5358882873305273,
        "recall": 0.5365365365365365,
        "f1-score": 0.5190517418257027,
        "support": 999.0
    }
}