{
    "R2": 0.9488963327006621,
    "RMSE": 15.468688582305807,
    "MSE": 239.28032645635804,
    "MAPE": 0.061553739449275335,
    "ACMAPE": 0.9984906763862123
}