{
    "R2": 0.9238616021805972,
    "RMSE": 14.840792883494126,
    "MSE": 220.24913341076993,
    "MAPE": 0.19042814830926563,
    "ACMAPE": 1.1392336090601187
}