{
    "DOWN": {
        "precision": 0.5451263537906137,
        "recall": 0.3119834710743802,
        "f1-score": 0.3968462549277267,
        "support": 484.0
    },
    "UP": {
        "precision": 0.538781163434903,
        "recall": 0.7553398058252427,
        "f1-score": 0.6289409862570735,
        "support": 515.0
    },
    "accuracy": 0.5405405405405406,
    "macro avg": {
        "precision": 0.5419537586127583,
        "recall": 0.5336616384498114,
        "f1-score": 0.5128936205924001,
        "support": 999.0
    },
    "weighted avg": {
        "precision": 0.5418553097133454,
        "recall": 0.5405405405405406,
        "f1-score": 0.51649468999741,
        "support": 999.0
    }
}