{
    "DOWN": {
        "precision": 0.527027027027027,
        "recall": 0.32231404958677684,
        "f1-score": 0.39999999999999997,
        "support": 484.0
    },
    "UP": {
        "precision": 0.5334281650071123,
        "recall": 0.7281553398058253,
        "f1-score": 0.6157635467980296,
        "support": 515.0
    },
    "accuracy": 0.5315315315315315,
    "macro avg": {
        "precision": 0.5302275960170697,
        "recall": 0.525234694696301,
        "f1-score": 0.5078817733990147,
        "support": 999.0
    },
    "weighted avg": {
        "precision": 0.5303269129727167,
        "recall": 0.5315315315315315,
        "f1-score": 0.5112294560570423,
        "support": 999.0
    }
}