{
    "R2": 0.9175951208606873,
    "RMSE": 15.457247535587054,
    "MSE": 238.9265013764121,
    "MAPE": 0.19741052043190405,
    "ACMAPE": 1.1457939577546494
}