{
    "DOWN": {
        "precision": 1.0,
        "recall": 0.0011890606420927466,
        "f1-score": 0.002375296912114014,
        "support": 841.0
    },
    "UP": {
        "precision": 0.5259593679458239,
        "recall": 1.0,
        "f1-score": 0.6893491124260355,
        "support": 932.0
    },
    "accuracy": 0.5262267343485617,
    "macro avg": {
        "precision": 0.7629796839729119,
        "recall": 0.5005945303210464,
        "f1-score": 0.34586220466907475,
        "support": 1773.0
    },
    "weighted avg": {
        "precision": 0.7508145126483405,
        "recall": 0.5262267343485617,
        "f1-score": 0.36349182035203215,
        "support": 1773.0
    }
}