{
    "R2": 0.9383818103214414,
    "RMSE": 13.405156527413961,
    "MSE": 179.69822152446915,
    "MAPE": 0.17330185184691563,
    "ACMAPE": 1.1208483831497922
}