{
    "DOWN": {
        "precision": 0.49606299212598426,
        "recall": 0.6508264462809917,
        "f1-score": 0.5630026809651475,
        "support": 484.0
    },
    "UP": {
        "precision": 0.5357142857142857,
        "recall": 0.3786407766990291,
        "f1-score": 0.44368600682593856,
        "support": 515.0
    },
    "accuracy": 0.5105105105105106,
    "macro avg": {
        "precision": 0.5158886389201349,
        "recall": 0.5147336114900104,
        "f1-score": 0.5033443438955431,
        "support": 999.0
    },
    "weighted avg": {
        "precision": 0.5165038491810144,
        "recall": 0.5105105105105106,
        "f1-score": 0.5014930841866765,
        "support": 999.0
    }
}