{
    "R2": 0.9569647197615155,
    "RMSE": 4.8095295346009355,
    "MSE": 23.131574344198693,
    "MAPE": 0.8140610131941186,
    "ACMAPE": 1.8104733547392036
}