{
    "DOWN": {
        "precision": 0.49939975990396157,
        "recall": 0.8739495798319328,
        "f1-score": 0.6355996944232238,
        "support": 476.0
    },
    "UP": {
        "precision": 0.6385542168674698,
        "recall": 0.20267686424474188,
        "f1-score": 0.3076923076923077,
        "support": 523.0
    },
    "accuracy": 0.5225225225225225,
    "macro avg": {
        "precision": 0.5689769883857156,
        "recall": 0.5383132220383373,
        "f1-score": 0.4716460010577658,
        "support": 999.0
    },
    "weighted avg": {
        "precision": 0.5722503915274999,
        "recall": 0.5225225225225225,
        "f1-score": 0.463932463932464,
        "support": 999.0
    }
}