{
    "R2": 0.9114015824559767,
    "RMSE": 17.224915828195293,
    "MSE": 296.69772528841276,
    "MAPE": 0.061176639247024156,
    "ACMAPE": 1.020135598205983
}