{
    "R2": 0.8984993112568019,
    "RMSE": 18.43650605833765,
    "MSE": 339.9047556391208,
    "MAPE": 0.061092904709365514,
    "ACMAPE": 0.9820138256302864
}