{
    "DOWN": {
        "precision": 0.4969450101832994,
        "recall": 0.5126050420168067,
        "f1-score": 0.5046535677352638,
        "support": 476.0
    },
    "UP": {
        "precision": 0.5433070866141733,
        "recall": 0.5277246653919694,
        "f1-score": 0.5354025218234724,
        "support": 523.0
    },
    "accuracy": 0.5205205205205206,
    "macro avg": {
        "precision": 0.5201260483987363,
        "recall": 0.520164853704388,
        "f1-score": 0.5200280447793681,
        "support": 999.0
    },
    "weighted avg": {
        "precision": 0.5212166477942574,
        "recall": 0.5205205205205206,
        "f1-score": 0.5207513685241857,
        "support": 999.0
    }
}