{
    "R2": 0.9514165458131665,
    "RMSE": 12.755230770072576,
    "MSE": 162.69591199780623,
    "MAPE": 0.037042101579079896,
    "ACMAPE": 0.9919970565340349
}