{
    "R2": 0.9097759784443284,
    "RMSE": 17.382218960122756,
    "MSE": 302.1415359776511,
    "MAPE": 0.04996622704112102,
    "ACMAPE": 1.010927188002082
}