{
    "DOWN": {
        "precision": 0.5023474178403756,
        "recall": 0.1542157098246457,
        "f1-score": 0.23598603197941556,
        "support": 4163.0
    },
    "UP": {
        "precision": 0.5036650690724556,
        "recall": 0.8488952245188881,
        "f1-score": 0.6322215341059896,
        "support": 4209.0
    },
    "accuracy": 0.5034639273769709,
    "macro avg": {
        "precision": 0.5030062434564155,
        "recall": 0.5015554671717669,
        "f1-score": 0.4341037830427026,
        "support": 8372.0
    },
    "weighted avg": {
        "precision": 0.5030098633773828,
        "recall": 0.5034639273769709,
        "f1-score": 0.4351923421144788,
        "support": 8372.0
    }
}