{
    "R2": 0.9652994589110265,
    "RMSE": 4.3184995375626,
    "MSE": 18.64943825592839,
    "MAPE": 0.7749221195716598,
    "ACMAPE": 1.7724122594067262
}