{
    "DOWN": {
        "precision": 0.4951197870452529,
        "recall": 0.13407015857760693,
        "f1-score": 0.21100397050482134,
        "support": 4162.0
    },
    "UP": {
        "precision": 0.5022099447513813,
        "recall": 0.8646848989298455,
        "f1-score": 0.6353866317169069,
        "support": 4205.0
    },
    "accuracy": 0.5012549300824668,
    "macro avg": {
        "precision": 0.49866486589831704,
        "recall": 0.4993775287537262,
        "f1-score": 0.4231953011108641,
        "support": 8367.0
    },
    "weighted avg": {
        "precision": 0.49868308490043034,
        "recall": 0.5012549300824668,
        "f1-score": 0.4242858027501685,
        "support": 8367.0
    }
}