{
    "DOWN": {
        "precision": 0.5089666951323655,
        "recall": 0.28612578012482,
        "f1-score": 0.36631837738168405,
        "support": 4166.0
    },
    "UP": {
        "precision": 0.5072079536039767,
        "recall": 0.7269057231061505,
        "f1-score": 0.5975014639859456,
        "support": 4211.0
    },
    "accuracy": 0.5076996538140146,
    "macro avg": {
        "precision": 0.5080873243681712,
        "recall": 0.5065157516154852,
        "f1-score": 0.48190992068381483,
        "support": 8377.0
    },
    "weighted avg": {
        "precision": 0.5080826005190141,
        "recall": 0.5076996538140146,
        "f1-score": 0.48253086128887585,
        "support": 8377.0
    }
}