{
    "R2": 0.8895210797273742,
    "RMSE": 19.234629993083068,
    "MSE": 369.97099097081076,
    "MAPE": 0.05816974684975718,
    "ACMAPE": 1.0531647418447523
}