{
    "R2": 0.9987877502110591,
    "RMSE": 0.807019058695675,
    "MSE": 0.6512797610980533,
    "MAPE": 0.48175900103316244,
    "ACMAPE": 1.4648179368480039
}