{
    "DOWN": {
        "precision": 0.5064308681672026,
        "recall": 0.4534548944337812,
        "f1-score": 0.4784810126582279,
        "support": 4168.0
    },
    "UP": {
        "precision": 0.5101075268817205,
        "recall": 0.5628856193640247,
        "f1-score": 0.5351985559566788,
        "support": 4214.0
    },
    "accuracy": 0.5084705320925793,
    "macro avg": {
        "precision": 0.5082691975244615,
        "recall": 0.5081702568989029,
        "f1-score": 0.5068397843074534,
        "support": 8382.0
    },
    "weighted avg": {
        "precision": 0.5082792861847375,
        "recall": 0.5084705320925793,
        "f1-score": 0.5069954158388139,
        "support": 8382.0
    }
}