{
    "DOWN": {
        "precision": 0.5141342756183745,
        "recall": 0.6113445378151261,
        "f1-score": 0.5585412667946257,
        "support": 476.0
    },
    "UP": {
        "precision": 0.5727482678983834,
        "recall": 0.47418738049713194,
        "f1-score": 0.5188284518828451,
        "support": 523.0
    },
    "accuracy": 0.5395395395395396,
    "macro avg": {
        "precision": 0.543441271758379,
        "recall": 0.542765959156129,
        "f1-score": 0.5386848593387354,
        "support": 999.0
    },
    "weighted avg": {
        "precision": 0.5448200793845853,
        "recall": 0.5395395395395396,
        "f1-score": 0.5377506740029727,
        "support": 999.0
    }
}