{
    "R2": 0.9990100747823845,
    "RMSE": 0.7293142251174726,
    "MSE": 0.5318992389586995,
    "MAPE": 0.12107924058566676,
    "ACMAPE": 1.1056799329576374
}