{
    "DOWN": {
        "precision": 0.49725274725274726,
        "recall": 0.13052884615384616,
        "f1-score": 0.20677837014470676,
        "support": 4160.0
    },
    "UP": {
        "precision": 0.5024759284731775,
        "recall": 0.8693479295573536,
        "f1-score": 0.6368549511854951,
        "support": 4202.0
    },
    "accuracy": 0.5017938292274575,
    "macro avg": {
        "precision": 0.49986433786296236,
        "recall": 0.4999383878555999,
        "f1-score": 0.42181666066510093,
        "support": 8362.0
    },
    "weighted avg": {
        "precision": 0.4998774551561493,
        "recall": 0.5017938292274575,
        "f1-score": 0.42289673818266327,
        "support": 8362.0
    }
}