{
    "R2": 0.9985484812826496,
    "RMSE": 0.8831825684079614,
    "MSE": 0.7800114491396833,
    "MAPE": 0.2379219437387323,
    "ACMAPE": 1.2309940889847906
}