{
    "DOWN": {
        "precision": 0.4887459807073955,
        "recall": 0.957983193277311,
        "f1-score": 0.6472675656493967,
        "support": 476.0
    },
    "UP": {
        "precision": 0.696969696969697,
        "recall": 0.08795411089866156,
        "f1-score": 0.15619694397283532,
        "support": 523.0
    },
    "accuracy": 0.5025025025025025,
    "macro avg": {
        "precision": 0.5928578388385463,
        "recall": 0.5229686520879863,
        "f1-score": 0.401732254811116,
        "support": 999.0
    },
    "weighted avg": {
        "precision": 0.5977559943261981,
        "recall": 0.5025025025025025,
        "f1-score": 0.3901805434903961,
        "support": 999.0
    }
}