{
    "DOWN": {
        "precision": 0.4976303317535545,
        "recall": 0.8823529411764706,
        "f1-score": 0.6363636363636364,
        "support": 476.0
    },
    "UP": {
        "precision": 0.6387096774193548,
        "recall": 0.18929254302103252,
        "f1-score": 0.2920353982300885,
        "support": 523.0
    },
    "accuracy": 0.5195195195195195,
    "macro avg": {
        "precision": 0.5681700045864546,
        "recall": 0.5358227420987516,
        "f1-score": 0.46419951729686243,
        "support": 999.0
    },
    "weighted avg": {
        "precision": 0.5714886878929073,
        "recall": 0.5195195195195195,
        "f1-score": 0.45609970388731447,
        "support": 999.0
    }
}