{
    "DOWN": {
        "precision": 0.4889867841409692,
        "recall": 0.4879120879120879,
        "f1-score": 0.4884488448844884,
        "support": 455.0
    },
    "UP": {
        "precision": 0.5724770642201835,
        "recall": 0.5735294117647058,
        "f1-score": 0.5730027548209367,
        "support": 544.0
    },
    "accuracy": 0.5345345345345346,
    "macro avg": {
        "precision": 0.5307319241805764,
        "recall": 0.5307207498383969,
        "f1-score": 0.5307257998527125,
        "support": 999.0
    },
    "weighted avg": {
        "precision": 0.5344509606806015,
        "recall": 0.5345345345345346,
        "f1-score": 0.5344922152602921,
        "support": 999.0
    }
}