{
    "DOWN": {
        "precision": 0.49271986022131625,
        "recall": 0.33584755855498216,
        "f1-score": 0.3994334277620397,
        "support": 2519.0
    },
    "UP": {
        "precision": 0.5079411764705882,
        "recall": 0.6647421093148576,
        "f1-score": 0.5758586195398466,
        "support": 2598.0
    },
    "accuracy": 0.5028336916161814,
    "macro avg": {
        "precision": 0.5003305183459522,
        "recall": 0.5002948339349198,
        "f1-score": 0.4876460236509432,
        "support": 5117.0
    },
    "weighted avg": {
        "precision": 0.5004480172695102,
        "recall": 0.5028336916161814,
        "f1-score": 0.48900791442194635,
        "support": 5117.0
    }
}