{
    "DOWN": {
        "precision": 0.5116796440489433,
        "recall": 0.1823226317875545,
        "f1-score": 0.26884862653419056,
        "support": 2523.0
    },
    "UP": {
        "precision": 0.5120624408703879,
        "recall": 0.8314132104454686,
        "f1-score": 0.6337822014051522,
        "support": 2604.0
    },
    "accuracy": 0.5119953188999414,
    "macro avg": {
        "precision": 0.5118710424596655,
        "recall": 0.5068679211165116,
        "f1-score": 0.45131541396967134,
        "support": 5127.0
    },
    "weighted avg": {
        "precision": 0.5118740663081673,
        "recall": 0.5119953188999414,
        "f1-score": 0.4541981543211974,
        "support": 5127.0
    }
}