{
    "R2": 0.9976154571277353,
    "RMSE": 0.7208995876045379,
    "MSE": 0.5196962154083928,
    "MAPE": 2504262571899.79,
    "ACMAPE": 2504262571900.7974
}