{
    "DOWN": {
        "precision": 0.5022935779816514,
        "recall": 0.694136291600634,
        "f1-score": 0.5828343313373254,
        "support": 2524.0
    },
    "UP": {
        "precision": 0.5304136253041363,
        "recall": 0.3343558282208589,
        "f1-score": 0.4101599247412982,
        "support": 2608.0
    },
    "accuracy": 0.5113016367887763,
    "macro avg": {
        "precision": 0.5163536016428938,
        "recall": 0.5142460599107465,
        "f1-score": 0.4964971280393118,
        "support": 5132.0
    },
    "weighted avg": {
        "precision": 0.5165837345321269,
        "recall": 0.5113016367887763,
        "f1-score": 0.4950839703859538,
        "support": 5132.0
    }
}