{
    "R2": 0.9978795430382684,
    "RMSE": 0.6795861422851451,
    "MSE": 0.4618373247860055,
    "MAPE": 2707058243701.5337,
    "ACMAPE": 2707058243702.51
}