{
    "R2": 0.8326268225503364,
    "RMSE": 32.09999962124734,
    "MSE": 1030.4099756840797,
    "MAPE": 0.10464994477153769,
    "ACMAPE": 1.1577029978245907
}