{
    "R2": 0.8679816691113968,
    "RMSE": 28.508818273717107,
    "MSE": 812.7527193638265,
    "MAPE": 0.09028106961416112,
    "ACMAPE": 1.021212000545092
}