{
    "R2": 0.8542992049356861,
    "RMSE": 29.949740075071073,
    "MSE": 896.9869305643182,
    "MAPE": 0.09020043175593626,
    "ACMAPE": 1.1232334647889692
}