{
    "R2": 0.9839009318162302,
    "RMSE": 1.8719225247782958,
    "MSE": 3.5040939387723498,
    "MAPE": 799596472202.5446,
    "ACMAPE": 799596472203.522
}