{
    "R2": 0.8998756214645786,
    "RMSE": 24.82744414609032,
    "MSE": 616.4019828272344,
    "MAPE": 0.07373863162247782,
    "ACMAPE": 1.1067716646555108
}