{
    "R2": 0.9119875210947297,
    "RMSE": 23.277386805873213,
    "MSE": 541.8367365102404,
    "MAPE": 0.06827865594334914,
    "ACMAPE": 1.0832936709583643
}