{
    "DOWN": {
        "precision": 0.4647398843930636,
        "recall": 0.8835164835164835,
        "f1-score": 0.6090909090909091,
        "support": 455.0
    },
    "UP": {
        "precision": 0.6044776119402985,
        "recall": 0.1488970588235294,
        "f1-score": 0.23893805309734512,
        "support": 544.0
    },
    "accuracy": 0.48348348348348347,
    "macro avg": {
        "precision": 0.534608748166681,
        "recall": 0.5162067711700065,
        "f1-score": 0.4240144810941271,
        "support": 999.0
    },
    "weighted avg": {
        "precision": 0.5408333015959622,
        "recall": 0.48348348348348347,
        "f1-score": 0.4075261907120314,
        "support": 999.0
    }
}