{
    "DOWN": {
        "precision": 0.4931787175989086,
        "recall": 0.8607142857142858,
        "f1-score": 0.627059843885516,
        "support": 2520.0
    },
    "UP": {
        "precision": 0.5151933701657458,
        "recall": 0.14335126825518832,
        "f1-score": 0.22429344558027664,
        "support": 2602.0
    },
    "accuracy": 0.49629051151893794,
    "macro avg": {
        "precision": 0.5041860438823272,
        "recall": 0.502032776984737,
        "f1-score": 0.42567664473289635,
        "support": 5122.0
    },
    "weighted avg": {
        "precision": 0.5043622642562515,
        "recall": 0.49629051151893794,
        "f1-score": 0.42245262631616176,
        "support": 5122.0
    }
}