{
    "DOWN": {
        "precision": 0.4655367231638418,
        "recall": 0.9054945054945055,
        "f1-score": 0.6149253731343284,
        "support": 455.0
    },
    "UP": {
        "precision": 0.6228070175438597,
        "recall": 0.13051470588235295,
        "f1-score": 0.2158054711246201,
        "support": 544.0
    },
    "accuracy": 0.48348348348348347,
    "macro avg": {
        "precision": 0.5441718703538507,
        "recall": 0.5180046056884292,
        "f1-score": 0.41536542212947425,
        "support": 999.0
    },
    "weighted avg": {
        "precision": 0.5511774039873951,
        "recall": 0.48348348348348347,
        "f1-score": 0.39758680787578854,
        "support": 999.0
    }
}