{
    "R2": 0.9982606477986863,
    "RMSE": 0.6161018059365241,
    "MSE": 0.37958143527824634,
    "MAPE": 2680631534710.259,
    "ACMAPE": 2680631534711.24
}