{
    "DOWN": {
        "precision": 0.5033112582781457,
        "recall": 0.24155740961462058,
        "f1-score": 0.32644295302013426,
        "support": 2517.0
    },
    "UP": {
        "precision": 0.5110143442622951,
        "recall": 0.7687861271676301,
        "f1-score": 0.6139406062471149,
        "support": 2595.0
    },
    "accuracy": 0.5091940532081377,
    "macro avg": {
        "precision": 0.5071628012702204,
        "recall": 0.5051717683911253,
        "f1-score": 0.4701917796336246,
        "support": 5112.0
    },
    "weighted avg": {
        "precision": 0.507221568944982,
        "recall": 0.5091940532081377,
        "f1-score": 0.4723851302744407,
        "support": 5112.0
    }
}