{
    "DOWN": {
        "precision": 0.4684466019417476,
        "recall": 0.8483516483516483,
        "f1-score": 0.6035965598123534,
        "support": 455.0
    },
    "UP": {
        "precision": 0.6057142857142858,
        "recall": 0.1948529411764706,
        "f1-score": 0.2948539638386648,
        "support": 544.0
    },
    "accuracy": 0.4924924924924925,
    "macro avg": {
        "precision": 0.5370804438280167,
        "recall": 0.5216022947640595,
        "f1-score": 0.4492252618255091,
        "support": 999.0
    },
    "weighted avg": {
        "precision": 0.5431949702823489,
        "recall": 0.4924924924924925,
        "f1-score": 0.43547246350636076,
        "support": 999.0
    }
}