{
    "R2": 0.9981170402508238,
    "RMSE": 0.6408194400069042,
    "MSE": 0.4106495546907622,
    "MAPE": 2601305250511.423,
    "ACMAPE": 2601305250512.417
}