{
    "DOWN": {
        "precision": 0.46290491118077326,
        "recall": 0.9736263736263736,
        "f1-score": 0.6274787535410765,
        "support": 455.0
    },
    "UP": {
        "precision": 0.7142857142857143,
        "recall": 0.05514705882352941,
        "f1-score": 0.10238907849829351,
        "support": 544.0
    },
    "accuracy": 0.47347347347347346,
    "macro avg": {
        "precision": 0.5885953127332437,
        "recall": 0.5143867162249515,
        "f1-score": 0.364933916019685,
        "support": 999.0
    },
    "weighted avg": {
        "precision": 0.5997929561147951,
        "recall": 0.47347347347347346,
        "f1-score": 0.34154403559986135,
        "support": 999.0
    }
}