{
    "DOWN": {
        "precision": 0.49859154929577465,
        "recall": 0.6430517711171662,
        "f1-score": 0.5616818722729076,
        "support": 1101.0
    },
    "UP": {
        "precision": 0.5177914110429448,
        "recall": 0.37213403880070545,
        "f1-score": 0.4330425859415085,
        "support": 1134.0
    },
    "accuracy": 0.5055928411633109,
    "macro avg": {
        "precision": 0.5081914801693597,
        "recall": 0.5075929049589358,
        "f1-score": 0.49736222910720806,
        "support": 2235.0
    },
    "weighted avg": {
        "precision": 0.5083332241151443,
        "recall": 0.5055928411633109,
        "f1-score": 0.49641254310073457,
        "support": 2235.0
    }
}