{
    "R2": 0.9939519532763315,
    "RMSE": 0.5903800125365637,
    "MSE": 0.34854855920267314,
    "MAPE": 0.034744227657191776,
    "ACMAPE": 1.02355854533057
}