{
    "R2": 0.7863376625347838,
    "RMSE": 3.5237119784405437,
    "MSE": 12.416546107005372,
    "MAPE": 0.7032128765985396,
    "ACMAPE": 1.6876918122969875
}