{
    "R2": 0.9934668563954031,
    "RMSE": 0.6142392583990335,
    "MSE": 0.37728986655859464,
    "MAPE": 0.036872972004818365,
    "ACMAPE": 0.9931229720048184
}