{
    "R2": 0.9936190124312557,
    "RMSE": 0.6082844913778807,
    "MSE": 0.3700100224508469,
    "MAPE": 0.036204286413611876,
    "ACMAPE": 1.0175376197469452
}