{
    "DOWN": {
        "precision": 0.459601259181532,
        "recall": 0.9626373626373627,
        "f1-score": 0.6221590909090908,
        "support": 455.0
    },
    "UP": {
        "precision": 0.6304347826086957,
        "recall": 0.05330882352941176,
        "f1-score": 0.0983050847457627,
        "support": 544.0
    },
    "accuracy": 0.4674674674674675,
    "macro avg": {
        "precision": 0.5450180208951139,
        "recall": 0.5079730930833872,
        "f1-score": 0.3602320878274268,
        "support": 999.0
    },
    "weighted avg": {
        "precision": 0.5526277223891166,
        "recall": 0.4674674674674675,
        "f1-score": 0.33689724971504625,
        "support": 999.0
    }
}