{
    "R2": 0.9940006364101045,
    "RMSE": 0.5892153318264001,
    "MSE": 0.3471747072592948,
    "MAPE": 0.03476343020944441,
    "ACMAPE": 1.021845835554656
}