{
    "DOWN": {
        "precision": 0.4607734806629834,
        "recall": 0.9164835164835164,
        "f1-score": 0.613235294117647,
        "support": 455.0
    },
    "UP": {
        "precision": 0.5957446808510638,
        "recall": 0.10294117647058823,
        "f1-score": 0.1755485893416928,
        "support": 544.0
    },
    "accuracy": 0.47347347347347346,
    "macro avg": {
        "precision": 0.5282590807570235,
        "recall": 0.5097123464770523,
        "f1-score": 0.3943919417296699,
        "support": 999.0
    },
    "weighted avg": {
        "precision": 0.5342713113960322,
        "recall": 0.47347347347347346,
        "f1-score": 0.3748953868122225,
        "support": 999.0
    }
}