{
    "R2": -0.428963678336826,
    "RMSE": 125.60236675540676,
    "MSE": 15775.954534559709,
    "MAPE": 0.4138886083826529,
    "ACMAPE": 1.466941661435706
}