{
    "R2": -0.51476838440296,
    "RMSE": 129.31840638604024,
    "MSE": 16723.25023022505,
    "MAPE": 0.43121892540571993,
    "ACMAPE": 1.486273980460775
}