{
    "R2": -0.44741355466248867,
    "RMSE": 126.4106154312193,
    "MSE": 15979.64369369962,
    "MAPE": 0.41644080835278013,
    "ACMAPE": 1.4714958634078352
}