{
    "DOWN": {
        "precision": 0.46178343949044587,
        "recall": 0.9560439560439561,
        "f1-score": 0.6227630637079455,
        "support": 455.0
    },
    "UP": {
        "precision": 0.6491228070175439,
        "recall": 0.06801470588235294,
        "f1-score": 0.12312811980033278,
        "support": 544.0
    },
    "accuracy": 0.4724724724724725,
    "macro avg": {
        "precision": 0.5554531232539949,
        "recall": 0.5120293309631545,
        "f1-score": 0.37294559175413916,
        "support": 999.0
    },
    "weighted avg": {
        "precision": 0.5637980700557526,
        "recall": 0.4724724724724725,
        "f1-score": 0.3506895807392355,
        "support": 999.0
    }
}