{
    "DOWN": {
        "precision": 0.4614561027837259,
        "recall": 0.9472527472527472,
        "f1-score": 0.6205903527717783,
        "support": 455.0
    },
    "UP": {
        "precision": 0.6307692307692307,
        "recall": 0.07536764705882353,
        "f1-score": 0.13464696223316913,
        "support": 544.0
    },
    "accuracy": 0.4724724724724725,
    "macro avg": {
        "precision": 0.5461126667764783,
        "recall": 0.5113101971557854,
        "f1-score": 0.3776186575024737,
        "support": 999.0
    },
    "weighted avg": {
        "precision": 0.5536546429480048,
        "recall": 0.4724724724724725,
        "f1-score": 0.35597253049649963,
        "support": 999.0
    }
}