{
    "DOWN": {
        "precision": 0.499113475177305,
        "recall": 0.5090415913200723,
        "f1-score": 0.5040286481647269,
        "support": 1106.0
    },
    "UP": {
        "precision": 0.5138764547896151,
        "recall": 0.5039508340649693,
        "f1-score": 0.5088652482269505,
        "support": 1139.0
    },
    "accuracy": 0.5064587973273942,
    "macro avg": {
        "precision": 0.50649496498346,
        "recall": 0.5064962126925208,
        "f1-score": 0.5064469481958387,
        "support": 2245.0
    },
    "weighted avg": {
        "precision": 0.5066034679516574,
        "recall": 0.5064587973273942,
        "f1-score": 0.5064824955905053,
        "support": 2245.0
    }
}