{
    "DOWN": {
        "precision": 0.5241581259150805,
        "recall": 0.3242753623188406,
        "f1-score": 0.40067151650811417,
        "support": 1104.0
    },
    "UP": {
        "precision": 0.5208734746307001,
        "recall": 0.7139084507042254,
        "f1-score": 0.6023022651318233,
        "support": 1136.0
    },
    "accuracy": 0.521875,
    "macro avg": {
        "precision": 0.5225158002728902,
        "recall": 0.5190919065115329,
        "f1-score": 0.5014868908199688,
        "support": 2240.0
    },
    "weighted avg": {
        "precision": 0.5224923384780019,
        "recall": 0.521875,
        "f1-score": 0.5029271104529952,
        "support": 2240.0
    }
}