{
    "R2": -0.530697148594669,
    "RMSE": 129.99656136391164,
    "MSE": 16899.105966441242,
    "MAPE": 0.44718538917847167,
    "ACMAPE": 1.4842224262155088
}