{
    "DOWN": {
        "precision": 0.46037735849056605,
        "recall": 0.8043956043956044,
        "f1-score": 0.5856,
        "support": 455.0
    },
    "UP": {
        "precision": 0.5637254901960784,
        "recall": 0.2113970588235294,
        "f1-score": 0.3074866310160428,
        "support": 544.0
    },
    "accuracy": 0.48148148148148145,
    "macro avg": {
        "precision": 0.5120514243433223,
        "recall": 0.5078963316095669,
        "f1-score": 0.4465433155080214,
        "support": 999.0
    },
    "weighted avg": {
        "precision": 0.5166550197996739,
        "recall": 0.48148148148148145,
        "f1-score": 0.4341548821548821,
        "support": 999.0
    }
}