{
    "R2": -0.4410674211040231,
    "RMSE": 126.13318956908188,
    "MSE": 15909.581510869946,
    "MAPE": 0.4178609710459469,
    "ACMAPE": 1.482926036111012
}