{
    "DOWN": {
        "precision": 0.5020964360587002,
        "recall": 0.4323104693140794,
        "f1-score": 0.4645974781765276,
        "support": 1108.0
    },
    "UP": {
        "precision": 0.5146604938271605,
        "recall": 0.5840630472854641,
        "f1-score": 0.5471698113207547,
        "support": 1142.0
    },
    "accuracy": 0.5093333333333333,
    "macro avg": {
        "precision": 0.5083784649429304,
        "recall": 0.5081867582997718,
        "f1-score": 0.5058836447486411,
        "support": 2250.0
    },
    "weighted avg": {
        "precision": 0.5084733933794032,
        "recall": 0.5093333333333333,
        "f1-score": 0.5065075245990641,
        "support": 2250.0
    }
}