{
    "DOWN": {
        "precision": 0.5114705207616426,
        "recall": 0.9979856759176365,
        "f1-score": 0.6763233732746852,
        "support": 4468.0
    },
    "UP": {
        "precision": 0.47058823529411764,
        "recall": 0.0018748535270681978,
        "f1-score": 0.003734827264239029,
        "support": 4267.0
    },
    "accuracy": 0.511390955924442,
    "macro avg": {
        "precision": 0.4910293780278801,
        "recall": 0.49993026472235236,
        "f1-score": 0.3400291002694621,
        "support": 8735.0
    },
    "weighted avg": {
        "precision": 0.49149974662427237,
        "recall": 0.511390955924442,
        "f1-score": 0.3477675260134861,
        "support": 8735.0
    }
}