{
    "DOWN": {
        "precision": 0.5008936550491511,
        "recall": 0.2514016595649249,
        "f1-score": 0.33477676571599224,
        "support": 4459.0
    },
    "UP": {
        "precision": 0.48543240326807463,
        "recall": 0.7381622128457571,
        "f1-score": 0.5856970147865712,
        "support": 4266.0
    },
    "accuracy": 0.48939828080229225,
    "macro avg": {
        "precision": 0.4931630291586129,
        "recall": 0.494781936205341,
        "f1-score": 0.4602368902512817,
        "support": 8725.0
    },
    "weighted avg": {
        "precision": 0.49333403326140646,
        "recall": 0.48939828080229225,
        "f1-score": 0.4574616691584094,
        "support": 8725.0
    }
}