{
    "DOWN": {
        "precision": 0.4954296160877514,
        "recall": 0.0609125646212632,
        "f1-score": 0.10848678943154524,
        "support": 4449.0
    },
    "UP": {
        "precision": 0.4884916748285994,
        "recall": 0.9353023909985936,
        "f1-score": 0.641788644040534,
        "support": 4266.0
    },
    "accuracy": 0.4889271371199082,
    "macro avg": {
        "precision": 0.4919606454581754,
        "recall": 0.49810747780992837,
        "f1-score": 0.37513771673603963,
        "support": 8715.0
    },
    "weighted avg": {
        "precision": 0.49203348787070694,
        "recall": 0.4889271371199082,
        "f1-score": 0.3695385062143274,
        "support": 8715.0
    }
}