{
    "DOWN": {
        "precision": 0.46601941747572817,
        "recall": 0.41379310344827586,
        "f1-score": 0.4383561643835617,
        "support": 464.0
    },
    "UP": {
        "precision": 0.5366269165247018,
        "recall": 0.5887850467289719,
        "f1-score": 0.5614973262032085,
        "support": 535.0
    },
    "accuracy": 0.5075075075075075,
    "macro avg": {
        "precision": 0.501323167000215,
        "recall": 0.5012890750886239,
        "f1-score": 0.4999267452933851,
        "support": 999.0
    },
    "weighted avg": {
        "precision": 0.5038322422917452,
        "recall": 0.5075075075075075,
        "f1-score": 0.5043026324251143,
        "support": 999.0
    }
}