{
    "DOWN": {
        "precision": 0.5227406103286385,
        "recall": 0.798163082437276,
        "f1-score": 0.6317375886524823,
        "support": 4464.0
    },
    "UP": {
        "precision": 0.5292580982236155,
        "recall": 0.23745897796530707,
        "f1-score": 0.3278317152103559,
        "support": 4266.0
    },
    "accuracy": 0.5241695303550974,
    "macro avg": {
        "precision": 0.525999354276127,
        "recall": 0.5178110302012915,
        "f1-score": 0.4797846519314191,
        "support": 8730.0
    },
    "weighted avg": {
        "precision": 0.525925444619586,
        "recall": 0.5241695303550974,
        "f1-score": 0.4832310071972577,
        "support": 8730.0
    }
}