{
    "R2": 0.9285171252202286,
    "RMSE": 27.842028062189762,
    "MSE": 775.1785266157622,
    "MAPE": 0.05745153533388032,
    "ACMAPE": 1.1165105943929392
}