{
    "R2": 0.9811820276804902,
    "RMSE": 7.700114473328631,
    "MSE": 59.29176290236506,
    "MAPE": 0.7680157523633611,
    "ACMAPE": 1.7892191907587764
}