{
    "R2": 0.9989440277375268,
    "RMSE": 1.8237529561568047,
    "MSE": 3.326074845090684,
    "MAPE": 0.7142294078160973,
    "ACMAPE": 1.6658903471059026
}