{
    "DOWN": {
        "precision": 0.47318611987381703,
        "recall": 0.3232758620689655,
        "f1-score": 0.38412291933418696,
        "support": 464.0
    },
    "UP": {
        "precision": 0.5395894428152492,
        "recall": 0.6878504672897197,
        "f1-score": 0.6047658175842234,
        "support": 535.0
    },
    "accuracy": 0.5185185185185185,
    "macro avg": {
        "precision": 0.5063877813445331,
        "recall": 0.5055631646793426,
        "f1-score": 0.4944443684592052,
        "support": 999.0
    },
    "weighted avg": {
        "precision": 0.508747458986596,
        "recall": 0.5185185185185185,
        "f1-score": 0.5022850320106329,
        "support": 999.0
    }
}