{
    "R2": 0.9447911878729408,
    "RMSE": 24.468315028393118,
    "MSE": 598.6984403286885,
    "MAPE": 0.06569495846655309,
    "ACMAPE": 1.0286579214295162
}