{
    "DOWN": {
        "precision": 0.4666666666666667,
        "recall": 0.9806034482758621,
        "f1-score": 0.6323835997220292,
        "support": 464.0
    },
    "UP": {
        "precision": 0.625,
        "recall": 0.028037383177570093,
        "f1-score": 0.05366726296958855,
        "support": 535.0
    },
    "accuracy": 0.47047047047047047,
    "macro avg": {
        "precision": 0.5458333333333334,
        "recall": 0.504320415726716,
        "f1-score": 0.3430254313458089,
        "support": 999.0
    },
    "weighted avg": {
        "precision": 0.5514597931264598,
        "recall": 0.47047047047047047,
        "f1-score": 0.3224604363961476,
        "support": 999.0
    }
}