{
    "R2": 0.9768396027661794,
    "RMSE": 8.543872836207793,
    "MSE": 72.99776304128939,
    "MAPE": 1.0732019065820941,
    "ACMAPE": 2.0954496130041127
}