{
    "R2": 0.9478934764104405,
    "RMSE": 23.770915677667396,
    "MSE": 565.0564321547736,
    "MAPE": 0.04268244800169329,
    "ACMAPE": 1.0436834490026943
}