{
    "DOWN": {
        "precision": 0.47692307692307695,
        "recall": 0.8017241379310345,
        "f1-score": 0.5980707395498392,
        "support": 464.0
    },
    "UP": {
        "precision": 0.5799086757990868,
        "recall": 0.23738317757009345,
        "f1-score": 0.33687002652519893,
        "support": 535.0
    },
    "accuracy": 0.4994994994994995,
    "macro avg": {
        "precision": 0.5284158763610819,
        "recall": 0.519553657750564,
        "f1-score": 0.4674703830375191,
        "support": 999.0
    },
    "weighted avg": {
        "precision": 0.5320755247695887,
        "recall": 0.4994994994994995,
        "f1-score": 0.45818847581792477,
        "support": 999.0
    }
}