{
    "DOWN": {
        "precision": 0.4692874692874693,
        "recall": 0.41163793103448276,
        "f1-score": 0.4385763490241102,
        "support": 464.0
    },
    "UP": {
        "precision": 0.5388513513513513,
        "recall": 0.5962616822429907,
        "f1-score": 0.5661047027506655,
        "support": 535.0
    },
    "accuracy": 0.5105105105105106,
    "macro avg": {
        "precision": 0.5040694103194103,
        "recall": 0.5039498066387367,
        "f1-score": 0.5023405258873879,
        "support": 999.0
    },
    "weighted avg": {
        "precision": 0.5065414001224812,
        "recall": 0.5105105105105106,
        "f1-score": 0.5068723142330263,
        "support": 999.0
    }
}