{
    "R2": 0.9545217203987555,
    "RMSE": 22.207612742885782,
    "MSE": 493.178063737983,
    "MAPE": 0.0542453904531009,
    "ACMAPE": 1.0332243694320797
}