{
    "DOWN": {
        "precision": 0.4989532449406839,
        "recall": 0.16052986079928155,
        "f1-score": 0.24290810259894682,
        "support": 4454.0
    },
    "UP": {
        "precision": 0.4868944696034033,
        "recall": 0.8316924519456165,
        "f1-score": 0.6142127585908422,
        "support": 4266.0
    },
    "accuracy": 0.48887614678899083,
    "macro avg": {
        "precision": 0.4929238572720436,
        "recall": 0.496111156372449,
        "f1-score": 0.4285604305948945,
        "support": 8720.0
    },
    "weighted avg": {
        "precision": 0.4930538486575602,
        "recall": 0.48887614678899083,
        "f1-score": 0.42455783453259655,
        "support": 8720.0
    }
}