{
    "R2": 0.9649894807730328,
    "RMSE": 10.50635399016285,
    "MSE": 110.38347416661085,
    "MAPE": 1.9469239885911478,
    "ACMAPE": 2.969069714351331
}