{
    "R2": 0.9492311920838212,
    "RMSE": 23.46379982426849,
    "MSE": 550.5499021933421,
    "MAPE": 0.0579046161395812,
    "ACMAPE": 1.0428896011245663
}