{
    "R2": 0.9706419338545238,
    "RMSE": 9.61462729644188,
    "MSE": 92.44105804948529,
    "MAPE": 9.052747275265391,
    "ACMAPE": 10.029965363416506
}