{
    "R2": 0.96812661702452,
    "RMSE": 4.5324822555928685,
    "MSE": 20.54339539726422,
    "MAPE": 0.04519164535100144,
    "ACMAPE": 1.1162627164220726
}