{
    "R2": 0.9986024670536667,
    "RMSE": 0.8119514589579879,
    "MSE": 0.6592651717040051,
    "MAPE": 0.22104575200913332,
    "ACMAPE": 1.234262830412012
}