{
    "DOWN": {
        "precision": 0.5318917612949988,
        "recall": 0.5933162646543593,
        "f1-score": 0.560927447608128,
        "support": 7421.0
    },
    "UP": {
        "precision": 0.5118874332848132,
        "recall": 0.44957386363636365,
        "f1-score": 0.47871133630794827,
        "support": 7040.0
    },
    "accuracy": 0.5233386349491737,
    "macro avg": {
        "precision": 0.521889597289906,
        "recall": 0.5214450641453614,
        "f1-score": 0.5198193919580381,
        "support": 14461.0
    },
    "weighted avg": {
        "precision": 0.5221531215611142,
        "recall": 0.5233386349491737,
        "f1-score": 0.520902454623323,
        "support": 14461.0
    }
}