{
    "DOWN": {
        "precision": 0.5252302379125096,
        "recall": 0.7383681726230613,
        "f1-score": 0.6138236448231403,
        "support": 7415.0
    },
    "UP": {
        "precision": 0.5176529090004973,
        "recall": 0.29611719527805436,
        "f1-score": 0.3767302994662083,
        "support": 7031.0
    },
    "accuracy": 0.5231205870137062,
    "macro avg": {
        "precision": 0.5214415734565034,
        "recall": 0.5172426839505578,
        "f1-score": 0.4952769721446743,
        "support": 14446.0
    },
    "weighted avg": {
        "precision": 0.5215422827982663,
        "recall": 0.5231205870137062,
        "f1-score": 0.49842815048528977,
        "support": 14446.0
    }
}