{
    "R2": 0.9668026080907419,
    "RMSE": 4.625663271101391,
    "MSE": 21.396760697616426,
    "MAPE": 0.043846148710616484,
    "ACMAPE": 1.0768791817436496
}