{
    "DOWN": {
        "precision": 0.48522550544323484,
        "recall": 0.6277665995975855,
        "f1-score": 0.5473684210526317,
        "support": 497.0
    },
    "UP": {
        "precision": 0.4803370786516854,
        "recall": 0.34063745019920316,
        "f1-score": 0.3986013986013986,
        "support": 502.0
    },
    "accuracy": 0.48348348348348347,
    "macro avg": {
        "precision": 0.4827812920474601,
        "recall": 0.48420202489839437,
        "f1-score": 0.47298490982701513,
        "support": 999.0
    },
    "weighted avg": {
        "precision": 0.48276905874718096,
        "recall": 0.48348348348348347,
        "f1-score": 0.4726126199810411,
        "support": 999.0
    }
}