{
    "DOWN": {
        "precision": 0.5256967939423232,
        "recall": 0.44011329916374425,
        "f1-score": 0.47911313413112105,
        "support": 7414.0
    },
    "UP": {
        "precision": 0.4958707796939519,
        "recall": 0.5810445424790095,
        "f1-score": 0.5350894436799686,
        "support": 7027.0
    },
    "accuracy": 0.5086905338965445,
    "macro avg": {
        "precision": 0.5107837868181375,
        "recall": 0.5105789208213769,
        "f1-score": 0.5071012889055448,
        "support": 14441.0
    },
    "weighted avg": {
        "precision": 0.5111834359945837,
        "recall": 0.5086905338965445,
        "f1-score": 0.5063512427939387,
        "support": 14441.0
    }
}