{
    "R2": 0.9715443884264647,
    "RMSE": 4.282585024446155,
    "MSE": 18.34053449161048,
    "MAPE": 0.0629210979275711,
    "ACMAPE": 1.0378960729025462
}