{
    "R2": 0.9641121863932687,
    "RMSE": 4.8094513093677165,
    "MSE": 23.130821897178844,
    "MAPE": 0.04491773128327471,
    "ACMAPE": 1.0559287422942858
}