{
    "R2": 0.9991206451991166,
    "RMSE": 0.6441590057761021,
    "MSE": 0.41494082472245636,
    "MAPE": 0.08826635346220586,
    "ACMAPE": 1.070885285669117
}