{
    "R2": 0.999089919317404,
    "RMSE": 0.6552695174328316,
    "MSE": 0.4293781404766559,
    "MAPE": 0.12513554730495463,
    "ACMAPE": 1.0788943732775422
}