{
    "DOWN": {
        "precision": 0.5311475409836065,
        "recall": 0.10922330097087378,
        "f1-score": 0.18118778660105134,
        "support": 7416.0
    },
    "UP": {
        "precision": 0.48893702614884726,
        "recall": 0.898365316275764,
        "f1-score": 0.6332348078753569,
        "support": 7035.0
    },
    "accuracy": 0.49339146079856067,
    "macro avg": {
        "precision": 0.5100422835662268,
        "recall": 0.5037943086233189,
        "f1-score": 0.40721129723820415,
        "support": 14451.0
    },
    "weighted avg": {
        "precision": 0.5105987227798467,
        "recall": 0.49339146079856067,
        "f1-score": 0.40125219699927567,
        "support": 14451.0
    }
}