{
    "R2": 0.9973621652184997,
    "RMSE": 1.1154287781441035,
    "MSE": 1.2441813591120474,
    "MAPE": 1.2345514419120918,
    "ACMAPE": 2.200793832614914
}