{
    "DOWN": {
        "precision": 0.4625984251968504,
        "recall": 0.47283702213279677,
        "f1-score": 0.4676616915422886,
        "support": 497.0
    },
    "UP": {
        "precision": 0.4663951120162933,
        "recall": 0.45617529880478086,
        "f1-score": 0.4612286002014098,
        "support": 502.0
    },
    "accuracy": 0.4644644644644645,
    "macro avg": {
        "precision": 0.46449676860657185,
        "recall": 0.4645061604687888,
        "f1-score": 0.4644451458718492,
        "support": 999.0
    },
    "weighted avg": {
        "precision": 0.4645062698248387,
        "recall": 0.4644644644644645,
        "f1-score": 0.46442904704466986,
        "support": 999.0
    }
}