{
    "DOWN": {
        "precision": 0.49441340782122906,
        "recall": 0.7122736418511066,
        "f1-score": 0.5836768342951361,
        "support": 497.0
    },
    "UP": {
        "precision": 0.49469964664310956,
        "recall": 0.2788844621513944,
        "f1-score": 0.356687898089172,
        "support": 502.0
    },
    "accuracy": 0.4944944944944945,
    "macro avg": {
        "precision": 0.4945565272321693,
        "recall": 0.4955790520012505,
        "f1-score": 0.47018236619215403,
        "support": 999.0
    },
    "weighted avg": {
        "precision": 0.4945572435455374,
        "recall": 0.4944944944944945,
        "f1-score": 0.4696143258112582,
        "support": 999.0
    }
}