{
    "DOWN": {
        "precision": 0.5155399598968777,
        "recall": 0.9704772175788622,
        "f1-score": 0.6733701244037041,
        "support": 7418.0
    },
    "UP": {
        "precision": 0.5548780487804879,
        "recall": 0.03878942881500426,
        "f1-score": 0.07250996015936255,
        "support": 7038.0
    },
    "accuracy": 0.5168788046485888,
    "macro avg": {
        "precision": 0.5352090043386828,
        "recall": 0.5046333231969332,
        "f1-score": 0.3729400422815333,
        "support": 14456.0
    },
    "weighted avg": {
        "precision": 0.5346919707963553,
        "recall": 0.5168788046485888,
        "f1-score": 0.38083734659852453,
        "support": 14456.0
    }
}