{
    "R2": 0.9906588310159975,
    "RMSE": 2.0988802671137274,
    "MSE": 4.405298375679393,
    "MAPE": 0.9191488970822731,
    "ACMAPE": 1.8724716271839257
}