{
    "R2": 0.9482294697390818,
    "RMSE": 5.776480859663092,
    "MSE": 33.36773112205406,
    "MAPE": 0.054570022945218864,
    "ACMAPE": 1.0495650179402138
}