{
    "DOWN": {
        "precision": 0.5,
        "recall": 0.8853118712273642,
        "f1-score": 0.6390704429920117,
        "support": 497.0
    },
    "UP": {
        "precision": 0.5210084033613446,
        "recall": 0.12350597609561753,
        "f1-score": 0.19967793880837362,
        "support": 502.0
    },
    "accuracy": 0.5025025025025025,
    "macro avg": {
        "precision": 0.5105042016806722,
        "recall": 0.5044089236614908,
        "f1-score": 0.4193741909001926,
        "support": 999.0
    },
    "weighted avg": {
        "precision": 0.5105567752626576,
        "recall": 0.5025025025025025,
        "f1-score": 0.41827461005889227,
        "support": 999.0
    }
}