{
    "DOWN": {
        "precision": 0.6785714285714286,
        "recall": 0.03822937625754527,
        "f1-score": 0.07238095238095238,
        "support": 497.0
    },
    "UP": {
        "precision": 0.5077239958805355,
        "recall": 0.9820717131474104,
        "f1-score": 0.6693822131704006,
        "support": 502.0
    },
    "accuracy": 0.5125125125125125,
    "macro avg": {
        "precision": 0.5931477122259821,
        "recall": 0.5101505447024778,
        "f1-score": 0.3708815827756765,
        "support": 999.0
    },
    "weighted avg": {
        "precision": 0.592720166098127,
        "recall": 0.5125125125125125,
        "f1-score": 0.37237557992479925,
        "support": 999.0
    }
}