{
    "DOWN": {
        "precision": 0.46096654275092935,
        "recall": 0.02526487367563162,
        "f1-score": 0.04790419161676646,
        "support": 4908.0
    },
    "UP": {
        "precision": 0.4923599320882852,
        "recall": 0.9696969696969697,
        "f1-score": 0.6531071855866001,
        "support": 4785.0
    },
    "accuracy": 0.4914887031878675,
    "macro avg": {
        "precision": 0.47666323741960726,
        "recall": 0.49748092168630065,
        "f1-score": 0.3505056886016833,
        "support": 9693.0
    },
    "weighted avg": {
        "precision": 0.47646405311709544,
        "recall": 0.4914887031878675,
        "f1-score": 0.3466658057863377,
        "support": 9693.0
    }
}