{
    "R2": 0.9990013985587165,
    "RMSE": 0.3674878111990338,
    "MSE": 0.13504729137985672,
    "MAPE": 0.5870184534870779,
    "ACMAPE": 1.5994049109602406
}