{
    "DOWN": {
        "precision": 0.5098622589531681,
        "recall": 0.9412123677786819,
        "f1-score": 0.6614252019155171,
        "support": 4916.0
    },
    "UP": {
        "precision": 0.5398089171974523,
        "recall": 0.0708167954877794,
        "f1-score": 0.12520775623268698,
        "support": 4787.0
    },
    "accuracy": 0.5118004740801814,
    "macro avg": {
        "precision": 0.5248355880753102,
        "recall": 0.5060145816332307,
        "f1-score": 0.39331647907410205,
        "support": 9703.0
    },
    "weighted avg": {
        "precision": 0.5246365198019147,
        "recall": 0.5118004740801814,
        "f1-score": 0.39688094627461146,
        "support": 9703.0
    }
}