{
    "DOWN": {
        "precision": 0.5208333333333334,
        "recall": 0.6900212314225053,
        "f1-score": 0.593607305936073,
        "support": 471.0
    },
    "UP": {
        "precision": 0.6106666666666667,
        "recall": 0.4337121212121212,
        "f1-score": 0.5071982281284606,
        "support": 528.0
    },
    "accuracy": 0.5545545545545546,
    "macro avg": {
        "precision": 0.56575,
        "recall": 0.5618666763173132,
        "f1-score": 0.5504027670322669,
        "support": 999.0
    },
    "weighted avg": {
        "precision": 0.5683128128128129,
        "recall": 0.5545545545545546,
        "f1-score": 0.5479376431909084,
        "support": 999.0
    }
}