{
    "R2": 0.9924776814696061,
    "RMSE": 3.350179437466692,
    "MSE": 11.223702263224641,
    "MAPE": 0.01969532465351057,
    "ACMAPE": 0.9105862155444013
}