{
    "R2": 0.9920505834955842,
    "RMSE": 3.4439737691617722,
    "MSE": 11.860955322674345,
    "MAPE": 0.020086258046256317,
    "ACMAPE": 0.9470131849731832
}