{
    "DOWN": {
        "precision": 0.5226289997117325,
        "recall": 0.7381921824104235,
        "f1-score": 0.6119831223628692,
        "support": 4912.0
    },
    "UP": {
        "precision": 0.5340579710144927,
        "recall": 0.30798161303802757,
        "f1-score": 0.39067055393586003,
        "support": 4786.0
    },
    "accuracy": 0.5258816250773355,
    "macro avg": {
        "precision": 0.5283434853631126,
        "recall": 0.5230868977242256,
        "f1-score": 0.5013268381493646,
        "support": 9698.0
    },
    "weighted avg": {
        "precision": 0.5282692406536804,
        "recall": 0.5258816250773355,
        "f1-score": 0.5027645254880841,
        "support": 9698.0
    }
}