{
    "DOWN": {
        "precision": 0.509090909090909,
        "recall": 0.01141459437423563,
        "f1-score": 0.022328548644338118,
        "support": 4906.0
    },
    "UP": {
        "precision": 0.49363123825433286,
        "recall": 0.9887076537013801,
        "f1-score": 0.6584958217270195,
        "support": 4782.0
    },
    "accuracy": 0.49380677126341865,
    "macro avg": {
        "precision": 0.501361073672621,
        "recall": 0.5000611240378079,
        "f1-score": 0.3404121851856788,
        "support": 9688.0
    },
    "weighted avg": {
        "precision": 0.5014600104595602,
        "recall": 0.49380677126341865,
        "f1-score": 0.3363409247675196,
        "support": 9688.0
    }
}