{
    "DOWN": {
        "precision": 0.4855824682814302,
        "recall": 0.3425549227013832,
        "f1-score": 0.4017175572519084,
        "support": 4916.0
    },
    "UP": {
        "precision": 0.48205128205128206,
        "recall": 0.6277128547579299,
        "f1-score": 0.5453226976069616,
        "support": 4792.0
    },
    "accuracy": 0.48331273176761436,
    "macro avg": {
        "precision": 0.48381687516635613,
        "recall": 0.48513388872965657,
        "f1-score": 0.473520127429435,
        "support": 9708.0
    },
    "weighted avg": {
        "precision": 0.483839427035564,
        "recall": 0.48331273176761436,
        "f1-score": 0.47260299530108585,
        "support": 9708.0
    }
}