{
    "R2": 0.9992763357592006,
    "RMSE": 0.31272110251090607,
    "MSE": 0.09779448795563664,
    "MAPE": 0.1513147011226476,
    "ACMAPE": 1.0995514509679767
}