{
    "R2": 0.998987283358815,
    "RMSE": 0.37000850298618293,
    "MSE": 0.13690629228207615,
    "MAPE": 0.7319367612771203,
    "ACMAPE": 1.7489593549013853
}