{
    "R2": 0.9670321488987619,
    "RMSE": 7.0135440491415535,
    "MSE": 49.1898001292489,
    "MAPE": 0.04152564925815053,
    "ACMAPE": 1.0565406642731656
}