{
    "DOWN": {
        "precision": 0.5058997050147492,
        "recall": 0.7282377919320594,
        "f1-score": 0.5970409051348999,
        "support": 471.0
    },
    "UP": {
        "precision": 0.6012461059190031,
        "recall": 0.36553030303030304,
        "f1-score": 0.4546525323910483,
        "support": 528.0
    },
    "accuracy": 0.5365365365365365,
    "macro avg": {
        "precision": 0.5535729054668761,
        "recall": 0.5468840474811812,
        "f1-score": 0.5258467187629741,
        "support": 999.0
    },
    "weighted avg": {
        "precision": 0.5562929979851656,
        "recall": 0.5365365365365365,
        "f1-score": 0.5217845880090203,
        "support": 999.0
    }
}