{
    "R2": 0.999335430151809,
    "RMSE": 0.2995716338791835,
    "MSE": 0.08974316382504356,
    "MAPE": 0.10244770942163424,
    "ACMAPE": 1.1358222458864056
}