{
    "R2": 0.9724971849639623,
    "RMSE": 6.405909266068044,
    "MSE": 41.03567352509643,
    "MAPE": 0.03755628446724599,
    "ACMAPE": 1.062581309492271
}