{
    "DOWN": {
        "precision": 0.4778856526429342,
        "recall": 0.940552016985138,
        "f1-score": 0.6337625178826896,
        "support": 471.0
    },
    "UP": {
        "precision": 0.6111111111111112,
        "recall": 0.08333333333333333,
        "f1-score": 0.14666666666666667,
        "support": 528.0
    },
    "accuracy": 0.4874874874874875,
    "macro avg": {
        "precision": 0.5444983818770227,
        "recall": 0.5119426751592356,
        "f1-score": 0.39021459227467814,
        "support": 999.0
    },
    "weighted avg": {
        "precision": 0.5482991081696583,
        "recall": 0.4874874874874875,
        "f1-score": 0.3763184643871339,
        "support": 999.0
    }
}