{
    "R2": 0.9992694415699963,
    "RMSE": 0.3141498886249951,
    "MSE": 0.09869015252309682,
    "MAPE": 0.3868052079877758,
    "ACMAPE": 1.363204259827413
}