{
    "DOWN": {
        "precision": 0.4907292954264524,
        "recall": 0.8428874734607219,
        "f1-score": 0.6203125,
        "support": 471.0
    },
    "UP": {
        "precision": 0.6105263157894737,
        "recall": 0.2196969696969697,
        "f1-score": 0.3231197771587743,
        "support": 528.0
    },
    "accuracy": 0.5135135135135135,
    "macro avg": {
        "precision": 0.550627805607963,
        "recall": 0.5312922215788458,
        "f1-score": 0.4717161385793872,
        "support": 999.0
    },
    "weighted avg": {
        "precision": 0.5540454383210223,
        "recall": 0.5135135135135135,
        "f1-score": 0.4632376675073402,
        "support": 999.0
    }
}