{
    "R2": 0.9770406476845181,
    "RMSE": 5.852912413951206,
    "MSE": 34.256583725384125,
    "MAPE": 0.032655187373601076,
    "ACMAPE": 1.0056281603465742
}