{
    "DOWN": {
        "precision": 0.48105263157894734,
        "recall": 0.970276008492569,
        "f1-score": 0.6432090077410274,
        "support": 471.0
    },
    "UP": {
        "precision": 0.7142857142857143,
        "recall": 0.06628787878787878,
        "f1-score": 0.12131715771230503,
        "support": 528.0
    },
    "accuracy": 0.4924924924924925,
    "macro avg": {
        "precision": 0.5976691729323308,
        "recall": 0.518281943640224,
        "f1-score": 0.3822630827266662,
        "support": 999.0
    },
    "weighted avg": {
        "precision": 0.6043229695861275,
        "recall": 0.4924924924924925,
        "f1-score": 0.3673742761943153,
        "support": 999.0
    }
}