{
    "R2": 0.9648398971583628,
    "RMSE": 4.188725637130753,
    "MSE": 17.545422463156438,
    "MAPE": 2.4579336904459,
    "ACMAPE": 3.471637260586542
}