{
    "R2": 0.9377376019934934,
    "RMSE": 7.899413292056608,
    "MSE": 62.40073035872062,
    "MAPE": 0.05129716408047236,
    "ACMAPE": 1.0943402071235155
}