{
    "DOWN": {
        "precision": 0.4,
        "recall": 0.008298755186721992,
        "f1-score": 0.016260162601626015,
        "support": 482.0
    },
    "UP": {
        "precision": 0.5166835187057633,
        "recall": 0.988394584139265,
        "f1-score": 0.6786188579017264,
        "support": 517.0
    },
    "accuracy": 0.5155155155155156,
    "macro avg": {
        "precision": 0.4583417593528817,
        "recall": 0.49834666966299346,
        "f1-score": 0.3474395102516762,
        "support": 999.0
    },
    "weighted avg": {
        "precision": 0.46038576493581546,
        "recall": 0.5155155155155156,
        "f1-score": 0.3590423902994757,
        "support": 999.0
    }
}