{
    "R2": 0.9116235401565818,
    "RMSE": 9.411312951824515,
    "MSE": 88.57281147717985,
    "MAPE": 0.06298414376126546,
    "ACMAPE": 1.1020231828003044
}