{
    "DOWN": {
        "precision": 0.4812182741116751,
        "recall": 0.983402489626556,
        "f1-score": 0.6462167689161554,
        "support": 482.0
    },
    "UP": {
        "precision": 0.42857142857142855,
        "recall": 0.01160541586073501,
        "f1-score": 0.02259887005649718,
        "support": 517.0
    },
    "accuracy": 0.4804804804804805,
    "macro avg": {
        "precision": 0.45489485134155183,
        "recall": 0.4975039527436455,
        "f1-score": 0.3344078194863263,
        "support": 999.0
    },
    "weighted avg": {
        "precision": 0.45397260930255856,
        "recall": 0.4804804804804805,
        "f1-score": 0.3234835820188147,
        "support": 999.0
    }
}