{
    "DOWN": {
        "precision": 0.4799588900308325,
        "recall": 0.9688796680497925,
        "f1-score": 0.6419243986254295,
        "support": 482.0
    },
    "UP": {
        "precision": 0.4230769230769231,
        "recall": 0.02127659574468085,
        "f1-score": 0.040515653775322284,
        "support": 517.0
    },
    "accuracy": 0.47847847847847846,
    "macro avg": {
        "precision": 0.4515179065538778,
        "recall": 0.4950781318972367,
        "f1-score": 0.3412200262003759,
        "support": 999.0
    },
    "weighted avg": {
        "precision": 0.45052147570133183,
        "recall": 0.47847847847847846,
        "f1-score": 0.33068483797727594,
        "support": 999.0
    }
}