{
    "DOWN": {
        "precision": 0.47435897435897434,
        "recall": 0.013513513513513514,
        "f1-score": 0.026278409090909092,
        "support": 2738.0
    },
    "UP": {
        "precision": 0.5069368382621394,
        "recall": 0.9854506742370476,
        "f1-score": 0.6694792671166827,
        "support": 2818.0
    },
    "accuracy": 0.5064794816414687,
    "macro avg": {
        "precision": 0.4906479063105569,
        "recall": 0.49948209387528053,
        "f1-score": 0.3478788381037959,
        "support": 5556.0
    },
    "weighted avg": {
        "precision": 0.4908824481673111,
        "recall": 0.5064794816414687,
        "f1-score": 0.35250951382752355,
        "support": 5556.0
    }
}