{
    "DOWN": {
        "precision": 0.49502487562189057,
        "recall": 0.0728937728937729,
        "f1-score": 0.12707535121328226,
        "support": 2730.0
    },
    "UP": {
        "precision": 0.5074917299085425,
        "recall": 0.9277837068658841,
        "f1-score": 0.6561006289308176,
        "support": 2811.0
    },
    "accuracy": 0.506587258617578,
    "macro avg": {
        "precision": 0.5012583027652165,
        "recall": 0.5003387398798285,
        "f1-score": 0.3915879900720499,
        "support": 5541.0
    },
    "weighted avg": {
        "precision": 0.5013494248728882,
        "recall": 0.506587258617578,
        "f1-score": 0.39545471516635783,
        "support": 5541.0
    }
}