{
    "R2": 0.9822846523196389,
    "RMSE": 4.213633467857658,
    "MSE": 17.754707001450157,
    "MAPE": 0.024509331102178747,
    "ACMAPE": 1.0155003220931698
}