{
    "R2": 0.9227402532916158,
    "RMSE": 8.799511329017216,
    "MSE": 77.43139962950232,
    "MAPE": 0.058310620808875516,
    "ACMAPE": 1.0973496598479144
}