{
    "DOWN": {
        "precision": 0.4924297043979812,
        "recall": 0.9989031078610603,
        "f1-score": 0.6596643728117831,
        "support": 2735.0
    },
    "UP": {
        "precision": 0.0,
        "recall": 0.0,
        "f1-score": 0.0,
        "support": 2816.0
    },
    "accuracy": 0.49216357413078726,
    "macro avg": {
        "precision": 0.2462148521989906,
        "recall": 0.49945155393053015,
        "f1-score": 0.32983218640589157,
        "support": 5551.0
    },
    "weighted avg": {
        "precision": 0.2426220935918715,
        "recall": 0.49216357413078726,
        "f1-score": 0.325019286550212,
        "support": 5551.0
    }
}