{
    "R2": 0.9611546845178813,
    "RMSE": 4.401602824416544,
    "MSE": 19.374107423911703,
    "MAPE": 2.5852060785264137,
    "ACMAPE": 3.600878930264839
}