{
    "R2": 0.9986263457492927,
    "RMSE": 0.828153719848314,
    "MSE": 0.6858385836985997,
    "MAPE": 0.20301227452672915,
    "ACMAPE": 1.189837757291573
}