{
    "R2": 0.9394166135178327,
    "RMSE": 7.792174822671856,
    "MSE": 60.71798846708117,
    "MAPE": 0.05608891994142996,
    "ACMAPE": 1.025057888910399
}