{
    "DOWN": {
        "precision": 0.49295774647887325,
        "recall": 0.9989023051591658,
        "f1-score": 0.6601378309756982,
        "support": 2733.0
    },
    "UP": {
        "precision": 0.625,
        "recall": 0.0017774617845716318,
        "f1-score": 0.003544842254519674,
        "support": 2813.0
    },
    "accuracy": 0.49314821492967903,
    "macro avg": {
        "precision": 0.5589788732394366,
        "recall": 0.5003398834718688,
        "f1-score": 0.33184133661510895,
        "support": 5546.0
    },
    "weighted avg": {
        "precision": 0.5599312154934657,
        "recall": 0.49314821492967903,
        "f1-score": 0.3271057218389014,
        "support": 5546.0
    }
}