{
    "DOWN": {
        "precision": 0.4880294659300184,
        "recall": 0.549792531120332,
        "f1-score": 0.5170731707317073,
        "support": 482.0
    },
    "UP": {
        "precision": 0.5241228070175439,
        "recall": 0.4622823984526112,
        "f1-score": 0.49126413155190135,
        "support": 517.0
    },
    "accuracy": 0.5045045045045045,
    "macro avg": {
        "precision": 0.5060761364737811,
        "recall": 0.5060374647864716,
        "f1-score": 0.5041686511418043,
        "support": 999.0
    },
    "weighted avg": {
        "precision": 0.5067084022085476,
        "recall": 0.5045045045045045,
        "f1-score": 0.5037165408458618,
        "support": 999.0
    }
}