{
    "R2": 0.9906579738929499,
    "RMSE": 2.157976627708258,
    "MSE": 4.6568631257351045,
    "MAPE": 0.40886242392036276,
    "ACMAPE": 1.3959034606374252
}