{
    "R2": 0.9597962770654588,
    "RMSE": 4.48147240209949,
    "MSE": 20.08359489077937,
    "MAPE": 2.4569533608653056,
    "ACMAPE": 3.4724880429462304
}