{
    "DOWN": {
        "precision": 0.49241055294542824,
        "recall": 0.9992665933259993,
        "f1-score": 0.6597264253722309,
        "support": 2727.0
    },
    "UP": {
        "precision": 0.0,
        "recall": 0.0,
        "f1-score": 0.0,
        "support": 2809.0
    },
    "accuracy": 0.49223265895953755,
    "macro avg": {
        "precision": 0.24620527647271412,
        "recall": 0.49963329666299966,
        "f1-score": 0.32986321268611546,
        "support": 5536.0
    },
    "weighted avg": {
        "precision": 0.24255844976195498,
        "recall": 0.49223265895953755,
        "f1-score": 0.32497723301843817,
        "support": 5536.0
    }
}