{
    "DOWN": {
        "precision": 0.4838709677419355,
        "recall": 0.02515371716042482,
        "f1-score": 0.04782146652497343,
        "support": 1789.0
    },
    "UP": {
        "precision": 0.5178324578379873,
        "recall": 0.9750130140551796,
        "f1-score": 0.6764174792343807,
        "support": 1921.0
    },
    "accuracy": 0.5169811320754717,
    "macro avg": {
        "precision": 0.5008517127899614,
        "recall": 0.5000833656078022,
        "f1-score": 0.36211947287967705,
        "support": 3710.0
    },
    "weighted avg": {
        "precision": 0.5014558794601337,
        "recall": 0.5169811320754717,
        "f1-score": 0.3733020434561787,
        "support": 3710.0
    }
}