{
    "R2": 0.9835850143732979,
    "RMSE": 2.037053153909472,
    "MSE": 4.149585551852527,
    "MAPE": 0.10440882832539254,
    "ACMAPE": 1.0659162307480037
}