{
    "DOWN": {
        "precision": 0.0,
        "recall": 0.0,
        "f1-score": 0.0,
        "support": 1795.0
    },
    "UP": {
        "precision": 0.5187667560321716,
        "recall": 1.0,
        "f1-score": 0.6831421006178288,
        "support": 1935.0
    },
    "accuracy": 0.5187667560321716,
    "macro avg": {
        "precision": 0.2593833780160858,
        "recall": 0.5,
        "f1-score": 0.3415710503089144,
        "support": 3730.0
    },
    "weighted avg": {
        "precision": 0.26911894716414264,
        "recall": 0.5187667560321716,
        "f1-score": 0.3543914114465144,
        "support": 3730.0
    }
}