{
    "R2": 0.9858972984357608,
    "RMSE": 1.8872702348162356,
    "MSE": 3.5617889392233293,
    "MAPE": 0.09803923850229593,
    "ACMAPE": 1.063537890793401
}