{
    "DOWN": {
        "precision": 0.5,
        "recall": 0.4829059829059829,
        "f1-score": 0.49130434782608695,
        "support": 468.0
    },
    "UP": {
        "precision": 0.5575868372943327,
        "recall": 0.5743879472693032,
        "f1-score": 0.5658627087198516,
        "support": 531.0
    },
    "accuracy": 0.5315315315315315,
    "macro avg": {
        "precision": 0.5287934186471663,
        "recall": 0.5286469650876431,
        "f1-score": 0.5285835282729693,
        "support": 999.0
    },
    "weighted avg": {
        "precision": 0.5306092198231137,
        "recall": 0.5315315315315315,
        "f1-score": 0.5309344675804303,
        "support": 999.0
    }
}