{
    "R2": 0.983185723702103,
    "RMSE": 2.0292056646467755,
    "MSE": 4.117675629434562,
    "MAPE": 0.10374071489200021,
    "ACMAPE": 1.0674015493469127
}