{
    "DOWN": {
        "precision": 0.49514563106796117,
        "recall": 0.3269230769230769,
        "f1-score": 0.3938223938223938,
        "support": 468.0
    },
    "UP": {
        "precision": 0.5434782608695652,
        "recall": 0.7062146892655368,
        "f1-score": 0.6142506142506142,
        "support": 531.0
    },
    "accuracy": 0.5285285285285285,
    "macro avg": {
        "precision": 0.5193119459687632,
        "recall": 0.5165688830943068,
        "f1-score": 0.504036504036504,
        "support": 999.0
    },
    "weighted avg": {
        "precision": 0.5208359478093543,
        "recall": 0.5285285285285285,
        "f1-score": 0.5109869434193759,
        "support": 999.0
    }
}