{
    "DOWN": {
        "precision": 0.48660714285714285,
        "recall": 0.47391304347826085,
        "f1-score": 0.4801762114537445,
        "support": 460.0
    },
    "UP": {
        "precision": 0.5607985480943739,
        "recall": 0.5732838589981447,
        "f1-score": 0.5669724770642203,
        "support": 539.0
    },
    "accuracy": 0.5275275275275275,
    "macro avg": {
        "precision": 0.5237028454757584,
        "recall": 0.5235984512382028,
        "f1-score": 0.5235743442589824,
        "support": 999.0
    },
    "weighted avg": {
        "precision": 0.5266363394766299,
        "recall": 0.5275275275275275,
        "f1-score": 0.5270062286349722,
        "support": 999.0
    }
}