{
    "R2": 0.9778645091486052,
    "RMSE": 4.088097813859043,
    "MSE": 16.712543735679088,
    "MAPE": 0.029247904442312542,
    "ACMAPE": 0.9681868433812514
}