{
    "DOWN": {
        "precision": 0.48623853211009177,
        "recall": 0.0296420581655481,
        "f1-score": 0.055877701634159206,
        "support": 1788.0
    },
    "UP": {
        "precision": 0.5201880530973452,
        "recall": 0.9710893133711925,
        "f1-score": 0.6774716369529984,
        "support": 1937.0
    },
    "accuracy": 0.5191946308724832,
    "macro avg": {
        "precision": 0.5032132926037185,
        "recall": 0.5003656857683703,
        "f1-score": 0.3666746692935788,
        "support": 3725.0
    },
    "weighted avg": {
        "precision": 0.5038922830234636,
        "recall": 0.5191946308724832,
        "f1-score": 0.3791065479999556,
        "support": 3725.0
    }
}