{
    "DOWN": {
        "precision": 0.4695121951219512,
        "recall": 0.3347826086956522,
        "f1-score": 0.3908629441624365,
        "support": 460.0
    },
    "UP": {
        "precision": 0.5439642324888226,
        "recall": 0.6771799628942486,
        "f1-score": 0.6033057851239669,
        "support": 539.0
    },
    "accuracy": 0.5195195195195195,
    "macro avg": {
        "precision": 0.5067382138053869,
        "recall": 0.5059812857949504,
        "f1-score": 0.4970843646432017,
        "support": 999.0
    },
    "weighted avg": {
        "precision": 0.5096820130806536,
        "recall": 0.5195195195195195,
        "f1-score": 0.5054842567532922,
        "support": 999.0
    }
}