{
    "R2": 0.9854227106661656,
    "RMSE": 1.8885306480956816,
    "MSE": 3.566548008796695,
    "MAPE": 0.09782003480822798,
    "ACMAPE": 1.0638577706572847
}