{
    "DOWN": {
        "precision": 0.4970873786407767,
        "recall": 0.5470085470085471,
        "f1-score": 0.5208545269582909,
        "support": 468.0
    },
    "UP": {
        "precision": 0.5619834710743802,
        "recall": 0.512241054613936,
        "f1-score": 0.535960591133005,
        "support": 531.0
    },
    "accuracy": 0.5285285285285285,
    "macro avg": {
        "precision": 0.5295354248575784,
        "recall": 0.5296248008112415,
        "f1-score": 0.528407559045648,
        "support": 999.0
    },
    "weighted avg": {
        "precision": 0.5315816980424218,
        "recall": 0.5285285285285285,
        "f1-score": 0.5288838763844903,
        "support": 999.0
    }
}