{
    "DOWN": {
        "precision": 0.46875,
        "recall": 0.025210084033613446,
        "f1-score": 0.04784688995215311,
        "support": 1785.0
    },
    "UP": {
        "precision": 0.5185390149418926,
        "recall": 0.9735064935064935,
        "f1-score": 0.6766564361798159,
        "support": 1925.0
    },
    "accuracy": 0.5172506738544475,
    "macro avg": {
        "precision": 0.4936445074709463,
        "recall": 0.4993582887700535,
        "f1-score": 0.3622516630659845,
        "support": 3710.0
    },
    "weighted avg": {
        "precision": 0.4945839228472084,
        "recall": 0.5172506738544475,
        "f1-score": 0.3741159941268838,
        "support": 3710.0
    }
}