{
    "DOWN": {
        "precision": 0.49203187250996017,
        "recall": 0.5369565217391304,
        "f1-score": 0.5135135135135134,
        "support": 460.0
    },
    "UP": {
        "precision": 0.5714285714285714,
        "recall": 0.5269016697588126,
        "f1-score": 0.5482625482625482,
        "support": 539.0
    },
    "accuracy": 0.5315315315315315,
    "macro avg": {
        "precision": 0.5317302219692658,
        "recall": 0.5319290957489715,
        "f1-score": 0.5308880308880308,
        "support": 999.0
    },
    "weighted avg": {
        "precision": 0.5348695308854671,
        "recall": 0.5315315315315315,
        "f1-score": 0.532261991721451,
        "support": 999.0
    }
}