{
    "DOWN": {
        "precision": 0.4953271028037383,
        "recall": 0.02959240647682859,
        "f1-score": 0.055848261327713394,
        "support": 1791.0
    },
    "UP": {
        "precision": 0.5189593135898145,
        "recall": 0.9720062208398134,
        "f1-score": 0.6766510285095633,
        "support": 1929.0
    },
    "accuracy": 0.5182795698924731,
    "macro avg": {
        "precision": 0.5071432081967764,
        "recall": 0.500799313658321,
        "f1-score": 0.3662496449186383,
        "support": 3720.0
    },
    "weighted avg": {
        "precision": 0.5075815475903891,
        "recall": 0.5182795698924731,
        "f1-score": 0.3777645349550759,
        "support": 3720.0
    }
}