{
    "R2": 0.9761461995566181,
    "RMSE": 4.299541352328552,
    "MSE": 18.486055840383234,
    "MAPE": 0.030407969691678718,
    "ACMAPE": 0.9793569186406276
}