{
    "R2": 0.9876186835171085,
    "RMSE": 1.7699992223735757,
    "MSE": 3.1328972472030627,
    "MAPE": 0.09309085139809636,
    "ACMAPE": 1.0554564427959459
}