{
    "R2": 0.7065123267452067,
    "RMSE": 8.626034596733552,
    "MSE": 74.40847286404419,
    "MAPE": 0.6288817486647068,
    "ACMAPE": 1.5892034644824014
}