{
    "R2": 0.9796761889105307,
    "RMSE": 3.968678461097267,
    "MSE": 15.750408727577375,
    "MAPE": 0.029491554273355546,
    "ACMAPE": 0.9664284912102925
}