{
    "DOWN": {
        "precision": 0.4864864864864865,
        "recall": 0.0302182428651371,
        "f1-score": 0.05690200210748156,
        "support": 1787.0
    },
    "UP": {
        "precision": 0.5198115821557218,
        "recall": 0.9705121572684946,
        "f1-score": 0.6770119090581018,
        "support": 1933.0
    },
    "accuracy": 0.5188172043010753,
    "macro avg": {
        "precision": 0.5031490343211041,
        "recall": 0.5003652000668158,
        "f1-score": 0.3669569555827917,
        "support": 3720.0
    },
    "weighted avg": {
        "precision": 0.5038029945318176,
        "recall": 0.5188172043010753,
        "f1-score": 0.3791257790256399,
        "support": 3720.0
    }
}