{
    "DOWN": {
        "precision": 0.4868913857677903,
        "recall": 0.5652173913043478,
        "f1-score": 0.523138832997988,
        "support": 460.0
    },
    "UP": {
        "precision": 0.5698924731182796,
        "recall": 0.49165120593692024,
        "f1-score": 0.5278884462151394,
        "support": 539.0
    },
    "accuracy": 0.5255255255255256,
    "macro avg": {
        "precision": 0.5283919294430349,
        "recall": 0.5284342986206341,
        "f1-score": 0.5255136396065637,
        "support": 999.0
    },
    "weighted avg": {
        "precision": 0.5316737542181544,
        "recall": 0.5255255255255256,
        "f1-score": 0.5257014371261608,
        "support": 999.0
    }
}