{
    "R2": 0.9821103886727618,
    "RMSE": 3.7234351304935553,
    "MSE": 13.863969170993558,
    "MAPE": 0.029762605533120608,
    "ACMAPE": 0.9747075504780656
}