{
    "DOWN": {
        "precision": 0.5058823529411764,
        "recall": 0.02400893355667225,
        "f1-score": 0.04584221748400853,
        "support": 1791.0
    },
    "UP": {
        "precision": 0.5184573002754821,
        "recall": 0.9781704781704782,
        "f1-score": 0.6777097587324451,
        "support": 1924.0
    },
    "accuracy": 0.5181695827725438,
    "macro avg": {
        "precision": 0.5121698266083292,
        "recall": 0.5010897058635753,
        "f1-score": 0.3617759881082268,
        "support": 3715.0
    },
    "weighted avg": {
        "precision": 0.5123949232429811,
        "recall": 0.5181695827725438,
        "f1-score": 0.37308667222478703,
        "support": 3715.0
    }
}