{
    "R2": 0.9794323945831973,
    "RMSE": 3.9406563737886806,
    "MSE": 15.528772656281355,
    "MAPE": 0.0291379985846003,
    "ACMAPE": 0.9720809415275433
}