{
    "R2": 0.9876165857630895,
    "RMSE": 1.7710285129762293,
    "MSE": 3.1365419937747943,
    "MAPE": 0.0946001261783755,
    "ACMAPE": 1.0562108644334092
}