{
    "DOWN": {
        "precision": 0.4807692307692308,
        "recall": 0.027901785714285716,
        "f1-score": 0.052742616033755275,
        "support": 1792.0
    },
    "UP": {
        "precision": 0.5189174261253797,
        "recall": 0.9720641489912054,
        "f1-score": 0.6766294562477493,
        "support": 1933.0
    },
    "accuracy": 0.5178523489932886,
    "macro avg": {
        "precision": 0.4998433284473053,
        "recall": 0.49998296735274556,
        "f1-score": 0.3646860361407523,
        "support": 3725.0
    },
    "weighted avg": {
        "precision": 0.5005653278493478,
        "recall": 0.5178523489932886,
        "f1-score": 0.37649382734480236,
        "support": 3725.0
    }
}