{
    "DOWN": {
        "precision": 0.5060240963855421,
        "recall": 0.023503077783995522,
        "f1-score": 0.04491978609625668,
        "support": 1787.0
    },
    "UP": {
        "precision": 0.5195484581497798,
        "recall": 0.9787344398340249,
        "f1-score": 0.6787769784172661,
        "support": 1928.0
    },
    "accuracy": 0.5192462987886944,
    "macro avg": {
        "precision": 0.512786277267661,
        "recall": 0.5011187588090102,
        "f1-score": 0.3618483822567614,
        "support": 3715.0
    },
    "weighted avg": {
        "precision": 0.5130429307008719,
        "recall": 0.5192462987886944,
        "f1-score": 0.37387716612180344,
        "support": 3715.0
    }
}