{
    "R2": 0.9819865207781825,
    "RMSE": 3.6878691336391847,
    "MSE": 13.600378746848632,
    "MAPE": 0.02934401813303972,
    "ACMAPE": 0.9662809550699767
}