{
    "DOWN": {
        "precision": 0.49906890130353815,
        "recall": 0.5726495726495726,
        "f1-score": 0.5333333333333333,
        "support": 468.0
    },
    "UP": {
        "precision": 0.5670995670995671,
        "recall": 0.4934086629001883,
        "f1-score": 0.527693856998993,
        "support": 531.0
    },
    "accuracy": 0.5305305305305306,
    "macro avg": {
        "precision": 0.5330842342015526,
        "recall": 0.5330291177748805,
        "f1-score": 0.5305135951661631,
        "support": 999.0
    },
    "weighted avg": {
        "precision": 0.5352293452852112,
        "recall": 0.5305305305305306,
        "f1-score": 0.5303357738403056,
        "support": 999.0
    }
}