{
    "R2": 0.9872392812666275,
    "RMSE": 1.7686193594265767,
    "MSE": 3.1280144385384747,
    "MAPE": 0.09264806141645834,
    "ACMAPE": 1.0560889216315121
}