{
    "R2": 0.9666655310040011,
    "RMSE": 5.01676168234408,
    "MSE": 25.167897777435805,
    "MAPE": 0.05125229274321967,
    "ACMAPE": 0.9941952356861626
}