{
    "R2": 0.9870927796540002,
    "RMSE": 1.7796362976785256,
    "MSE": 3.16710535201493,
    "MAPE": 0.09465587995516861,
    "ACMAPE": 1.0589511819685915
}