{
    "R2": 0.9781867538834642,
    "RMSE": 4.111530243458233,
    "MSE": 16.904680942871718,
    "MAPE": 0.029515626031563977,
    "ACMAPE": 0.9784645749805129
}