{
    "DOWN": {
        "precision": 0.4955116696588869,
        "recall": 0.5897435897435898,
        "f1-score": 0.5385365853658536,
        "support": 468.0
    },
    "UP": {
        "precision": 0.5656108597285068,
        "recall": 0.4708097928436911,
        "f1-score": 0.513874614594039,
        "support": 531.0
    },
    "accuracy": 0.5265265265265265,
    "macro avg": {
        "precision": 0.5305612646936968,
        "recall": 0.5302766912936404,
        "f1-score": 0.5262055999799463,
        "support": 999.0
    },
    "weighted avg": {
        "precision": 0.5327715995157118,
        "recall": 0.5265265265265265,
        "f1-score": 0.5254279702709251,
        "support": 999.0
    }
}