{
    "R2": 0.7004581771628635,
    "RMSE": 8.577424044739503,
    "MSE": 73.5722032432754,
    "MAPE": 0.6302992885155122,
    "ACMAPE": 1.5927657764511691
}