{
    "R2": 0.9755184959623775,
    "RMSE": 4.299280171204854,
    "MSE": 18.483809990515244,
    "MAPE": 0.03020217230168708,
    "ACMAPE": 0.977149119248634
}