{
    "DOWN": {
        "precision": 0.48717948717948717,
        "recall": 0.5782608695652174,
        "f1-score": 0.5288270377733598,
        "support": 460.0
    },
    "UP": {
        "precision": 0.5717439293598234,
        "recall": 0.4805194805194805,
        "f1-score": 0.5221774193548386,
        "support": 539.0
    },
    "accuracy": 0.5255255255255256,
    "macro avg": {
        "precision": 0.5294617082696553,
        "recall": 0.529390175042349,
        "f1-score": 0.5255022285640992,
        "support": 999.0
    },
    "weighted avg": {
        "precision": 0.5328053473748838,
        "recall": 0.5255255255255256,
        "f1-score": 0.5252393057137172,
        "support": 999.0
    }
}