{
    "R2": 0.9673230874318217,
    "RMSE": 5.032268990804119,
    "MSE": 25.3237311958087,
    "MAPE": 0.0507321963963591,
    "ACMAPE": 1.0116931573573202
}