{
    "R2": 0.9661263065872303,
    "RMSE": 12.59385645683579,
    "MSE": 158.60522045538448,
    "MAPE": 0.038999560454452346,
    "ACMAPE": 1.0299905514454435
}