{
    "DOWN": {
        "precision": 0.512,
        "recall": 0.07609988109393578,
        "f1-score": 0.13250517598343686,
        "support": 841.0
    },
    "UP": {
        "precision": 0.5285194174757282,
        "recall": 0.9345493562231759,
        "f1-score": 0.6751937984496124,
        "support": 932.0
    },
    "accuracy": 0.5273547659334461,
    "macro avg": {
        "precision": 0.5202597087378641,
        "recall": 0.5053246186585558,
        "f1-score": 0.4038494872165246,
        "support": 1773.0
    },
    "weighted avg": {
        "precision": 0.5206836418992548,
        "recall": 0.5273547659334461,
        "f1-score": 0.4177763525984823,
        "support": 1773.0
    }
}