{
    "DOWN": {
        "precision": 0.4823529411764706,
        "recall": 0.5082644628099173,
        "f1-score": 0.49496981891348085,
        "support": 484.0
    },
    "UP": {
        "precision": 0.5132924335378323,
        "recall": 0.487378640776699,
        "f1-score": 0.5,
        "support": 515.0
    },
    "accuracy": 0.4974974974974975,
    "macro avg": {
        "precision": 0.4978226873571514,
        "recall": 0.49782155179330817,
        "f1-score": 0.4974849094567404,
        "support": 999.0
    },
    "weighted avg": {
        "precision": 0.4983027295309263,
        "recall": 0.4974974974974975,
        "f1-score": 0.4975629553094341,
        "support": 999.0
    }
}