{
    "R2": 0.9818525247249199,
    "RMSE": 7.245416303335997,
    "MSE": 52.49605740864706,
    "MAPE": 0.12161195288770743,
    "ACMAPE": 1.0544902236499372
}