{
    "R2": 0.9640268007185834,
    "RMSE": 12.978275664119309,
    "MSE": 168.4356392138715,
    "MAPE": 0.04389176670829458,
    "ACMAPE": 1.0488967717132995
}