{
    "DOWN": {
        "precision": 0.5416666666666666,
        "recall": 0.12425328554360812,
        "f1-score": 0.2021379980563654,
        "support": 837.0
    },
    "UP": {
        "precision": 0.5334182049649905,
        "recall": 0.9049676025917927,
        "f1-score": 0.671205446535843,
        "support": 926.0
    },
    "accuracy": 0.5343165059557572,
    "macro avg": {
        "precision": 0.5375424358158285,
        "recall": 0.5146104440677004,
        "f1-score": 0.4366717222961042,
        "support": 1763.0
    },
    "weighted avg": {
        "precision": 0.5373342358466143,
        "recall": 0.5343165059557572,
        "f1-score": 0.44851148489243814,
        "support": 1763.0
    }
}