{
    "DOWN": {
        "precision": 0.8,
        "recall": 0.014201183431952662,
        "f1-score": 0.027906976744186043,
        "support": 845.0
    },
    "UP": {
        "precision": 0.5275099262620533,
        "recall": 0.9967845659163987,
        "f1-score": 0.6899109792284867,
        "support": 933.0
    },
    "accuracy": 0.5298087739032621,
    "macro avg": {
        "precision": 0.6637549631310267,
        "recall": 0.5054928746741757,
        "f1-score": 0.35890897798633636,
        "support": 1778.0
    },
    "weighted avg": {
        "precision": 0.6570116767168143,
        "recall": 0.5298087739032621,
        "f1-score": 0.37529152922891745,
        "support": 1778.0
    }
}