{
    "DOWN": {
        "precision": 0.5425531914893617,
        "recall": 0.12171837708830549,
        "f1-score": 0.19883040935672516,
        "support": 838.0
    },
    "UP": {
        "precision": 0.5341772151898734,
        "recall": 0.9075268817204301,
        "f1-score": 0.6725099601593625,
        "support": 930.0
    },
    "accuracy": 0.5350678733031674,
    "macro avg": {
        "precision": 0.5383652033396176,
        "recall": 0.5146226294043678,
        "f1-score": 0.4356701847580438,
        "support": 1768.0
    },
    "weighted avg": {
        "precision": 0.5381472763544498,
        "recall": 0.5350678733031674,
        "f1-score": 0.4479944264644473,
        "support": 1768.0
    }
}