{
    "DOWN": {
        "precision": 0.4921985815602837,
        "recall": 0.7169421487603306,
        "f1-score": 0.5836837678721614,
        "support": 484.0
    },
    "UP": {
        "precision": 0.5340136054421769,
        "recall": 0.3048543689320388,
        "f1-score": 0.388133498145859,
        "support": 515.0
    },
    "accuracy": 0.5045045045045045,
    "macro avg": {
        "precision": 0.5131060935012303,
        "recall": 0.5108982588461847,
        "f1-score": 0.4859086330090102,
        "support": 999.0
    },
    "weighted avg": {
        "precision": 0.5137548751530514,
        "recall": 0.5045045045045045,
        "f1-score": 0.48287456976500853,
        "support": 999.0
    }
}