{
    "R2": 0.9686807289067946,
    "RMSE": 12.109697252206072,
    "MSE": 146.6447675400873,
    "MAPE": 0.03791455934085728,
    "ACMAPE": 1.0228995443258422
}