{
    "R2": 0.981603481026163,
    "RMSE": 7.303373726830157,
    "MSE": 53.33926779375301,
    "MAPE": 0.12322907019051252,
    "ACMAPE": 1.0545960582789982
}