{
    "R2": 0.966734854800913,
    "RMSE": 12.480218084452794,
    "MSE": 155.75584343550256,
    "MAPE": 0.03864608740771447,
    "ACMAPE": 1.0276350763967033
}