{
    "DOWN": {
        "precision": 0.49390243902439024,
        "recall": 0.6694214876033058,
        "f1-score": 0.5684210526315789,
        "support": 484.0
    },
    "UP": {
        "precision": 0.5335276967930029,
        "recall": 0.3553398058252427,
        "f1-score": 0.4265734265734266,
        "support": 515.0
    },
    "accuracy": 0.5075075075075075,
    "macro avg": {
        "precision": 0.5137150679086966,
        "recall": 0.5123806467142742,
        "f1-score": 0.4974972396025028,
        "support": 999.0
    },
    "weighted avg": {
        "precision": 0.5143298742104118,
        "recall": 0.5075075075075075,
        "f1-score": 0.4952964005595585,
        "support": 999.0
    }
}