{
    "DOWN": {
        "precision": 0.49145299145299143,
        "recall": 0.7128099173553719,
        "f1-score": 0.581787521079258,
        "support": 484.0
    },
    "UP": {
        "precision": 0.531986531986532,
        "recall": 0.3067961165048544,
        "f1-score": 0.3891625615763547,
        "support": 515.0
    },
    "accuracy": 0.5035035035035035,
    "macro avg": {
        "precision": 0.5117197617197617,
        "recall": 0.5098030169301131,
        "f1-score": 0.4854750413278064,
        "support": 999.0
    },
    "weighted avg": {
        "precision": 0.5123486604968086,
        "recall": 0.5035035035035035,
        "f1-score": 0.4824863657799635,
        "support": 999.0
    }
}