{
    "DOWN": {
        "precision": 0.4929378531073446,
        "recall": 0.7210743801652892,
        "f1-score": 0.5855704697986577,
        "support": 484.0
    },
    "UP": {
        "precision": 0.5360824742268041,
        "recall": 0.3029126213592233,
        "f1-score": 0.3870967741935484,
        "support": 515.0
    },
    "accuracy": 0.5055055055055055,
    "macro avg": {
        "precision": 0.5145101636670744,
        "recall": 0.5119935007622562,
        "f1-score": 0.486333621996103,
        "support": 999.0
    },
    "weighted avg": {
        "precision": 0.5151795747054643,
        "recall": 0.5055055055055055,
        "f1-score": 0.48325420029252025,
        "support": 999.0
    }
}