{
    "R2": 0.930075364802969,
    "RMSE": 14.29827613331027,
    "MSE": 204.4407003843901,
    "MAPE": 0.2488507522336256,
    "ACMAPE": 1.1892332044271015
}