{
    "R2": 0.9798467721990701,
    "RMSE": 7.666369177248686,
    "MSE": 58.7732163618687,
    "MAPE": 0.12893526786596854,
    "ACMAPE": 1.0742257359990763
}