{
    "R2": 0.9674033145030654,
    "RMSE": 12.35418737260465,
    "MSE": 152.6259456374242,
    "MAPE": 0.03827876919050091,
    "ACMAPE": 1.031271762183494
}