{
    "R2": 0.9812446954812991,
    "RMSE": 7.3846902736463855,
    "MSE": 54.533650437687534,
    "MAPE": 0.12503997599991457,
    "ACMAPE": 1.0549042293935798
}