{
    "DOWN": {
        "precision": 0.5405405405405406,
        "recall": 0.11976047904191617,
        "f1-score": 0.196078431372549,
        "support": 835.0
    },
    "UP": {
        "precision": 0.5327399872854418,
        "recall": 0.9079089924160346,
        "f1-score": 0.6714743589743589,
        "support": 923.0
    },
    "accuracy": 0.5335608646188851,
    "macro avg": {
        "precision": 0.5366402639129912,
        "recall": 0.5138347357289754,
        "f1-score": 0.43377639517345395,
        "support": 1758.0
    },
    "weighted avg": {
        "precision": 0.536445028222875,
        "recall": 0.5335608646188851,
        "f1-score": 0.4456748142943184,
        "support": 1758.0
    }
}