{
    "R2": 0.990894930437694,
    "RMSE": 2.2118472161081293,
    "MSE": 4.892268107405281,
    "MAPE": 0.4175630817902281,
    "ACMAPE": 1.3992987866965192
}