{
    "DOWN": {
        "precision": 0.5155793573515093,
        "recall": 0.5081573896353166,
        "f1-score": 0.5118414693088448,
        "support": 4168.0
    },
    "UP": {
        "precision": 0.5203556387459055,
        "recall": 0.527764594209777,
        "f1-score": 0.524033930254477,
        "support": 4214.0
    },
    "accuracy": 0.5180147936053447,
    "macro avg": {
        "precision": 0.5179674980487075,
        "recall": 0.5179609919225467,
        "f1-score": 0.5179376997816609,
        "support": 8382.0
    },
    "weighted avg": {
        "precision": 0.5179806040463298,
        "recall": 0.5180147936053447,
        "f1-score": 0.5179711555919387,
        "support": 8382.0
    }
}