{
    "R2": 0.9740849028185025,
    "RMSE": 9.315808378311752,
    "MSE": 86.78428574142343,
    "MAPE": 0.03841433535544815,
    "ACMAPE": 0.967343264284377
}