{
    "DOWN": {
        "precision": 0.4909090909090909,
        "recall": 0.907563025210084,
        "f1-score": 0.6371681415929203,
        "support": 476.0
    },
    "UP": {
        "precision": 0.6302521008403361,
        "recall": 0.14340344168260039,
        "f1-score": 0.2336448598130841,
        "support": 523.0
    },
    "accuracy": 0.5075075075075075,
    "macro avg": {
        "precision": 0.5605805958747135,
        "recall": 0.5254832334463422,
        "f1-score": 0.43540650070300224,
        "support": 999.0
    },
    "weighted avg": {
        "precision": 0.5638584344466697,
        "recall": 0.5075075075075075,
        "f1-score": 0.4259142112917649,
        "support": 999.0
    }
}