{
    "DOWN": {
        "precision": 0.5401459854014599,
        "recall": 0.15546218487394958,
        "f1-score": 0.24143556280587275,
        "support": 476.0
    },
    "UP": {
        "precision": 0.5336426914153132,
        "recall": 0.8795411089866156,
        "f1-score": 0.6642599277978339,
        "support": 523.0
    },
    "accuracy": 0.5345345345345346,
    "macro avg": {
        "precision": 0.5368943384083865,
        "recall": 0.5175016469302827,
        "f1-score": 0.45284774530185334,
        "support": 999.0
    },
    "weighted avg": {
        "precision": 0.536741358019323,
        "recall": 0.5345345345345346,
        "f1-score": 0.46279406419806063,
        "support": 999.0
    }
}