{
    "DOWN": {
        "precision": 0.5079207920792079,
        "recall": 0.36977414704469,
        "f1-score": 0.42797552836484987,
        "support": 4162.0
    },
    "UP": {
        "precision": 0.5085253887952033,
        "recall": 0.6454221165279429,
        "f1-score": 0.5688534898344163,
        "support": 4205.0
    },
    "accuracy": 0.5083064419744233,
    "macro avg": {
        "precision": 0.5082230904372056,
        "recall": 0.5075981317863165,
        "f1-score": 0.4984145090996331,
        "support": 8367.0
    },
    "weighted avg": {
        "precision": 0.5082246440202575,
        "recall": 0.5083064419744233,
        "f1-score": 0.4987765117495191,
        "support": 8367.0
    }
}