{
    "DOWN": {
        "precision": 0.5091958168049044,
        "recall": 0.33917847705981263,
        "f1-score": 0.40715109573241065,
        "support": 4163.0
    },
    "UP": {
        "precision": 0.5086622611180568,
        "recall": 0.6766452839154193,
        "f1-score": 0.5807504078303426,
        "support": 4209.0
    },
    "accuracy": 0.5088389870998566,
    "macro avg": {
        "precision": 0.5089290389614807,
        "recall": 0.5079118804876159,
        "f1-score": 0.4939507517813766,
        "support": 8372.0
    },
    "weighted avg": {
        "precision": 0.5089275731491542,
        "recall": 0.5088389870998566,
        "f1-score": 0.4944276729684588,
        "support": 8372.0
    }
}