{
    "R2": 0.9653843125941399,
    "RMSE": 10.766650264798617,
    "MSE": 115.92075792448814,
    "MAPE": 0.032261652300303555,
    "ACMAPE": 1.0172466372852886
}