{
    "R2": 0.9920447477659415,
    "RMSE": 2.0677200125254163,
    "MSE": 4.275466050198107,
    "MAPE": 0.6076190602885945,
    "ACMAPE": 1.5910061763397478
}