{
    "DOWN": {
        "precision": 0.5555555555555556,
        "recall": 0.12605042016806722,
        "f1-score": 0.2054794520547945,
        "support": 476.0
    },
    "UP": {
        "precision": 0.5331088664421998,
        "recall": 0.9082217973231358,
        "f1-score": 0.671852899575672,
        "support": 523.0
    },
    "accuracy": 0.5355355355355356,
    "macro avg": {
        "precision": 0.5443322109988777,
        "recall": 0.5171361087456015,
        "f1-score": 0.43866617581523326,
        "support": 999.0
    },
    "weighted avg": {
        "precision": 0.5438041857794945,
        "recall": 0.5355355355355356,
        "f1-score": 0.4496369225787374,
        "support": 999.0
    }
}