{
    "DOWN": {
        "precision": 0.54,
        "recall": 0.1134453781512605,
        "f1-score": 0.1875,
        "support": 476.0
    },
    "UP": {
        "precision": 0.5305895439377085,
        "recall": 0.9120458891013384,
        "f1-score": 0.670886075949367,
        "support": 523.0
    },
    "accuracy": 0.5315315315315315,
    "macro avg": {
        "precision": 0.5352947719688543,
        "recall": 0.5127456336262994,
        "f1-score": 0.4291930379746835,
        "support": 999.0
    },
    "weighted avg": {
        "precision": 0.5350734048843059,
        "recall": 0.5315315315315315,
        "f1-score": 0.44056398170322214,
        "support": 999.0
    }
}