{
    "DOWN": {
        "precision": 0.5480769230769231,
        "recall": 0.11974789915966387,
        "f1-score": 0.196551724137931,
        "support": 476.0
    },
    "UP": {
        "precision": 0.5318435754189944,
        "recall": 0.9101338432122371,
        "f1-score": 0.6713681241184767,
        "support": 523.0
    },
    "accuracy": 0.5335335335335335,
    "macro avg": {
        "precision": 0.5399602492479587,
        "recall": 0.5149408711859504,
        "f1-score": 0.43395992412820383,
        "support": 999.0
    },
    "weighted avg": {
        "precision": 0.5395783837124619,
        "recall": 0.5335335335335335,
        "f1-score": 0.445129278882501,
        "support": 999.0
    }
}