{
    "R2": 0.9733589752410712,
    "RMSE": 9.445383350763004,
    "MSE": 89.21526664287096,
    "MAPE": 0.03896183945065556,
    "ACMAPE": 0.9718947723835886
}