{
    "DOWN": {
        "precision": 0.5100297176820208,
        "recall": 0.3295727316370619,
        "f1-score": 0.40040828229804604,
        "support": 4166.0
    },
    "UP": {
        "precision": 0.5087071240105541,
        "recall": 0.6867727380669675,
        "f1-score": 0.5844785772029103,
        "support": 4211.0
    },
    "accuracy": 0.5091321475468544,
    "macro avg": {
        "precision": 0.5093684208462874,
        "recall": 0.5081727348520146,
        "f1-score": 0.49244342975047817,
        "support": 8377.0
    },
    "weighted avg": {
        "precision": 0.5093648684578896,
        "recall": 0.5091321475468544,
        "f1-score": 0.49293782889520293,
        "support": 8377.0
    }
}