{
    "R2": 0.9718158825162916,
    "RMSE": 9.715079214550883,
    "MSE": 94.3827641449986,
    "MAPE": 0.040367806614483345,
    "ACMAPE": 0.9773047435514203
}