{
    "R2": 0.9917141388278353,
    "RMSE": 2.1101240858213854,
    "MSE": 4.452623657563537,
    "MAPE": 0.4535057906969074,
    "ACMAPE": 1.435827816497194
}