{
    "R2": 0.9930207456689034,
    "RMSE": 1.9368446606378615,
    "MSE": 3.751367239441393,
    "MAPE": 0.5049415463578854,
    "ACMAPE": 1.4858073679316717
}