{
    "DOWN": {
        "precision": 0.5099293167283743,
        "recall": 0.3641826923076923,
        "f1-score": 0.4249053428691628,
        "support": 4160.0
    },
    "UP": {
        "precision": 0.509367464292339,
        "recall": 0.6534983341266064,
        "f1-score": 0.5725007818200771,
        "support": 4202.0
    },
    "accuracy": 0.5095670892131069,
    "macro avg": {
        "precision": 0.5096483905103566,
        "recall": 0.5088405132171494,
        "f1-score": 0.49870306234462,
        "support": 8362.0
    },
    "weighted avg": {
        "precision": 0.5096469794961068,
        "recall": 0.5095670892131069,
        "f1-score": 0.49907372776174136,
        "support": 8362.0
    }
}