{
    "R2": 0.9779257803434878,
    "RMSE": 8.597789454133743,
    "MSE": 73.9219834976134,
    "MAPE": 0.03486544771504487,
    "ACMAPE": 0.9657963786459757
}