{
    "R2": 0.9991895271330079,
    "RMSE": 0.6598678552422645,
    "MSE": 0.4354255863820262,
    "MAPE": 0.15210930746438528,
    "ACMAPE": 1.1160797202536958
}