{
    "DOWN": {
        "precision": 0.4783362218370884,
        "recall": 0.6065934065934065,
        "f1-score": 0.5348837209302325,
        "support": 455.0
    },
    "UP": {
        "precision": 0.5758293838862559,
        "recall": 0.44669117647058826,
        "f1-score": 0.5031055900621119,
        "support": 544.0
    },
    "accuracy": 0.5195195195195195,
    "macro avg": {
        "precision": 0.5270828028616722,
        "recall": 0.5266422915319974,
        "f1-score": 0.5189946554961722,
        "support": 999.0
    },
    "weighted avg": {
        "precision": 0.5314255913613598,
        "recall": 0.5195195195195195,
        "f1-score": 0.5175791131301748,
        "support": 999.0
    }
}