{
    "DOWN": {
        "precision": 0.48148148148148145,
        "recall": 0.005158730158730159,
        "f1-score": 0.010208087946603848,
        "support": 2520.0
    },
    "UP": {
        "precision": 0.5079489695780177,
        "recall": 0.994619523443505,
        "f1-score": 0.6724697934260101,
        "support": 2602.0
    },
    "accuracy": 0.5078094494338149,
    "macro avg": {
        "precision": 0.49471522552974956,
        "recall": 0.4998891268011176,
        "f1-score": 0.341338940686307,
        "support": 5122.0
    },
    "weighted avg": {
        "precision": 0.4949270894524278,
        "recall": 0.5078094494338149,
        "f1-score": 0.3466401374697228,
        "support": 5122.0
    }
}