{
    "R2": 0.9956949042273311,
    "RMSE": 0.9686427186675822,
    "MSE": 0.9382687164277248,
    "MAPE": 2797669590587.388,
    "ACMAPE": 2797669590588.3726
}