{
    "DOWN": {
        "precision": 0.4917625818099752,
        "recall": 0.8636543797066983,
        "f1-score": 0.6266896750071901,
        "support": 2523.0
    },
    "UP": {
        "precision": 0.5057471264367817,
        "recall": 0.13517665130568357,
        "f1-score": 0.21333333333333335,
        "support": 2604.0
    },
    "accuracy": 0.4936610103374293,
    "macro avg": {
        "precision": 0.4987548541233784,
        "recall": 0.49941551550619095,
        "f1-score": 0.42001150417026173,
        "support": 5127.0
    },
    "weighted avg": {
        "precision": 0.4988653230247604,
        "recall": 0.4936610103374293,
        "f1-score": 0.41674625512836755,
        "support": 5127.0
    }
}