{
    "DOWN": {
        "precision": 0.5049447353112274,
        "recall": 0.3445811830091306,
        "f1-score": 0.4096271826333176,
        "support": 2519.0
    },
    "UP": {
        "precision": 0.5141259564449676,
        "recall": 0.672440338722094,
        "f1-score": 0.5827218145430287,
        "support": 2598.0
    },
    "accuracy": 0.5110416259527066,
    "macro avg": {
        "precision": 0.5095353458780976,
        "recall": 0.5085107608656123,
        "f1-score": 0.4961744985881732,
        "support": 5117.0
    },
    "weighted avg": {
        "precision": 0.5096062190918522,
        "recall": 0.5110416259527066,
        "f1-score": 0.4975106795458502,
        "support": 5117.0
    }
}