{
    "R2": 0.961129978674334,
    "RMSE": 15.469258123618353,
    "MSE": 239.29794689513238,
    "MAPE": 0.04583983010425565,
    "ACMAPE": 1.0068007910652168
}