{
    "DOWN": {
        "precision": 0.46946564885496184,
        "recall": 0.810989010989011,
        "f1-score": 0.5946817082997583,
        "support": 455.0
    },
    "UP": {
        "precision": 0.596244131455399,
        "recall": 0.23345588235294118,
        "f1-score": 0.33553500660501984,
        "support": 544.0
    },
    "accuracy": 0.4964964964964965,
    "macro avg": {
        "precision": 0.5328548901551804,
        "recall": 0.5222224466709761,
        "f1-score": 0.4651083574523891,
        "support": 999.0
    },
    "weighted avg": {
        "precision": 0.5385021799206654,
        "recall": 0.4964964964964965,
        "f1-score": 0.453564785655176,
        "support": 999.0
    }
}