{
    "R2": 0.9985231458701591,
    "RMSE": 0.5671508459939824,
    "MSE": 0.32166008211168984,
    "MAPE": 2503680345958.683,
    "ACMAPE": 2503680345959.696
}