{
    "R2": 0.9855204845474222,
    "RMSE": 9.441458992086433,
    "MSE": 89.14114789924976,
    "MAPE": 0.037558183996590375,
    "ACMAPE": 0.9564771029155092
}