{
    "R2": 0.9965677248501419,
    "RMSE": 0.8643279324335189,
    "MSE": 0.7470627747848015,
    "MAPE": 2895929969777.4434,
    "ACMAPE": 2895929969778.4307
}