{
    "R2": 0.9712698727077356,
    "RMSE": 13.299363975362661,
    "MSE": 176.8730821491741,
    "MAPE": 0.04590923164503372,
    "ACMAPE": 1.1009642867000888
}