{
    "DOWN": {
        "precision": 0.4619450317124736,
        "recall": 0.9604395604395605,
        "f1-score": 0.6238401142041399,
        "support": 455.0
    },
    "UP": {
        "precision": 0.660377358490566,
        "recall": 0.06433823529411764,
        "f1-score": 0.11725293132328306,
        "support": 544.0
    },
    "accuracy": 0.4724724724724725,
    "macro avg": {
        "precision": 0.5611611951015198,
        "recall": 0.512388897866839,
        "f1-score": 0.37054652276371147,
        "support": 999.0
    },
    "weighted avg": {
        "precision": 0.5700002727207641,
        "recall": 0.4724724724724725,
        "f1-score": 0.34798082743017983,
        "support": 999.0
    }
}