{
    "R2": 0.9985306935090221,
    "RMSE": 0.5660715892188288,
    "MSE": 0.32043704412073043,
    "MAPE": 2569606122016.801,
    "ACMAPE": 2569606122017.779
}