{
    "R2": 0.9719240002609996,
    "RMSE": 13.147092291529823,
    "MSE": 172.84603572200288,
    "MAPE": 0.04089949183097749,
    "ACMAPE": 1.0479064988379845
}