{
    "R2": 0.9986145723957441,
    "RMSE": 0.549858109442922,
    "MSE": 0.3023439405201444,
    "MAPE": 2544402584372.7573,
    "ACMAPE": 2544402584373.74
}