{
    "DOWN": {
        "precision": 0.4686746987951807,
        "recall": 0.8549450549450549,
        "f1-score": 0.6054474708171206,
        "support": 455.0
    },
    "UP": {
        "precision": 0.6094674556213018,
        "recall": 0.18933823529411764,
        "f1-score": 0.28892005610098176,
        "support": 544.0
    },
    "accuracy": 0.4924924924924925,
    "macro avg": {
        "precision": 0.5390710772082412,
        "recall": 0.5221416451195863,
        "f1-score": 0.4471837634590512,
        "support": 999.0
    },
    "weighted avg": {
        "precision": 0.5453426264362315,
        "recall": 0.4924924924924925,
        "f1-score": 0.4330841939346586,
        "support": 999.0
    }
}