{
    "DOWN": {
        "precision": 0.4934210526315789,
        "recall": 0.32967032967032966,
        "f1-score": 0.3952569169960474,
        "support": 455.0
    },
    "UP": {
        "precision": 0.5611510791366906,
        "recall": 0.7169117647058824,
        "f1-score": 0.6295399515738499,
        "support": 544.0
    },
    "accuracy": 0.5405405405405406,
    "macro avg": {
        "precision": 0.5272860658841347,
        "recall": 0.523291047188106,
        "f1-score": 0.5123984342849487,
        "support": 999.0
    },
    "weighted avg": {
        "precision": 0.5303030690667949,
        "recall": 0.5405405405405406,
        "f1-score": 0.5228344653547307,
        "support": 999.0
    }
}