{
    "DOWN": {
        "precision": 0.41379310344827586,
        "recall": 0.009508716323296355,
        "f1-score": 0.018590240123934936,
        "support": 2524.0
    },
    "UP": {
        "precision": 0.5072920772566023,
        "recall": 0.9869631901840491,
        "f1-score": 0.6701379848997658,
        "support": 2608.0
    },
    "accuracy": 0.5062353858144972,
    "macro avg": {
        "precision": 0.46054259035243905,
        "recall": 0.4982359532536727,
        "f1-score": 0.3443641125118504,
        "support": 5132.0
    },
    "weighted avg": {
        "precision": 0.46130778070706685,
        "recall": 0.5062353858144972,
        "f1-score": 0.34969634269123173,
        "support": 5132.0
    }
}