{
    "DOWN": {
        "precision": 0.5013054830287206,
        "recall": 0.3814064362336114,
        "f1-score": 0.4332129963898917,
        "support": 2517.0
    },
    "UP": {
        "precision": 0.5129809196121364,
        "recall": 0.6319845857418112,
        "f1-score": 0.5662983425414365,
        "support": 2595.0
    },
    "accuracy": 0.5086071987480438,
    "macro avg": {
        "precision": 0.5071432013204284,
        "recall": 0.5066955109877113,
        "f1-score": 0.4997556694656641,
        "support": 5112.0
    },
    "weighted avg": {
        "precision": 0.5072322744868513,
        "recall": 0.5086071987480438,
        "f1-score": 0.5007709919421723,
        "support": 5112.0
    }
}