{
    "R2": 0.9717922315961285,
    "RMSE": 13.177907702166733,
    "MSE": 173.6572514068253,
    "MAPE": 0.041956702865463644,
    "ACMAPE": 1.0569717178804787
}