{
    "R2": 0.9962310524524158,
    "RMSE": 0.46653745389366014,
    "MSE": 0.21765719588557908,
    "MAPE": 0.027541385981356678,
    "ACMAPE": 1.0266485288384994
}