{
    "DOWN": {
        "precision": 0.497366881217086,
        "recall": 0.7720254314259763,
        "f1-score": 0.6049822064056939,
        "support": 1101.0
    },
    "UP": {
        "precision": 0.5228136882129277,
        "recall": 0.24250440917107582,
        "f1-score": 0.33132530120481923,
        "support": 1134.0
    },
    "accuracy": 0.5033557046979866,
    "macro avg": {
        "precision": 0.5100902847150068,
        "recall": 0.5072649202985261,
        "f1-score": 0.4681537538052566,
        "support": 2235.0
    },
    "weighted avg": {
        "precision": 0.5102781470485332,
        "recall": 0.5033557046979866,
        "f1-score": 0.46613346792793464,
        "support": 2235.0
    }
}