{
    "R2": 0.9959598315722082,
    "RMSE": 0.4840191336144616,
    "MSE": 0.23427452170489402,
    "MAPE": 0.028587807668332306,
    "ACMAPE": 1.0312544743349992
}