{
    "R2": 0.538350570809853,
    "RMSE": 71.39098588723407,
    "MSE": 5096.672865951255,
    "MAPE": 0.21742030983917646,
    "ACMAPE": 1.2884913809102476
}