{
    "DOWN": {
        "precision": 0.49441504997060554,
        "recall": 0.7576576576576577,
        "f1-score": 0.5983635716826752,
        "support": 1110.0
    },
    "UP": {
        "precision": 0.5144404332129964,
        "recall": 0.24890829694323144,
        "f1-score": 0.3354914655679811,
        "support": 1145.0
    },
    "accuracy": 0.4993348115299335,
    "macro avg": {
        "precision": 0.5044277415918009,
        "recall": 0.5032829773004446,
        "f1-score": 0.4669275186253281,
        "support": 2255.0
    },
    "weighted avg": {
        "precision": 0.5045831492222851,
        "recall": 0.4993348115299335,
        "f1-score": 0.46488749119428285,
        "support": 2255.0
    }
}