{
    "R2": 0.5359735692888281,
    "RMSE": 71.57454357513934,
    "MSE": 5122.915287989521,
    "MAPE": 0.21606010361357186,
    "ACMAPE": 1.289133176686645
}