{
    "R2": 0.9950975707065334,
    "RMSE": 0.5337551574776938,
    "MSE": 0.2848945681340377,
    "MAPE": 0.03153961071264988,
    "ACMAPE": 1.032869987652783
}