{
    "R2": 0.5055244104512071,
    "RMSE": 73.88557482978997,
    "MSE": 5459.078167928495,
    "MAPE": 0.2280421660526029,
    "ACMAPE": 1.30511924312968
}