{
    "R2": 0.5131820968559482,
    "RMSE": 73.31122875941718,
    "MSE": 5374.536262215595,
    "MAPE": 0.22545278264646093,
    "ACMAPE": 1.30453186172554
}