{
    "DOWN": {
        "precision": 0.49443207126948774,
        "recall": 0.6032608695652174,
        "f1-score": 0.5434516523867808,
        "support": 1104.0
    },
    "UP": {
        "precision": 0.509518477043673,
        "recall": 0.4005281690140845,
        "f1-score": 0.4484967964514539,
        "support": 1136.0
    },
    "accuracy": 0.5004464285714286,
    "macro avg": {
        "precision": 0.5019752741565804,
        "recall": 0.5018945192896509,
        "f1-score": 0.49597422441911737,
        "support": 2240.0
    },
    "weighted avg": {
        "precision": 0.5020830341978245,
        "recall": 0.5004464285714286,
        "f1-score": 0.4952959754481508,
        "support": 2240.0
    }
}