{
    "DOWN": {
        "precision": 0.45634095634095634,
        "recall": 0.9648351648351648,
        "f1-score": 0.6196189131968949,
        "support": 455.0
    },
    "UP": {
        "precision": 0.5675675675675675,
        "recall": 0.03860294117647059,
        "f1-score": 0.07228915662650603,
        "support": 544.0
    },
    "accuracy": 0.46046046046046046,
    "macro avg": {
        "precision": 0.511954261954262,
        "recall": 0.5017190530058178,
        "f1-score": 0.34595403491170046,
        "support": 999.0
    },
    "weighted avg": {
        "precision": 0.5169088006925845,
        "recall": 0.46046046046046046,
        "f1-score": 0.321573480189596,
        "support": 999.0
    }
}