{
    "DOWN": {
        "precision": 0.46010362694300516,
        "recall": 0.9758241758241758,
        "f1-score": 0.6253521126760563,
        "support": 455.0
    },
    "UP": {
        "precision": 0.6764705882352942,
        "recall": 0.042279411764705885,
        "f1-score": 0.0795847750865052,
        "support": 544.0
    },
    "accuracy": 0.4674674674674675,
    "macro avg": {
        "precision": 0.5682871075891497,
        "recall": 0.5090517937944409,
        "f1-score": 0.35246844388128074,
        "support": 999.0
    },
    "weighted avg": {
        "precision": 0.5779250753344017,
        "recall": 0.4674674674674675,
        "f1-score": 0.3281574864010655,
        "support": 999.0
    }
}