{
    "R2": 0.9958767446183296,
    "RMSE": 0.4874658480592287,
    "MSE": 0.23762295302410308,
    "MAPE": 0.028921268435575402,
    "ACMAPE": 1.022209859039602
}