{
    "DOWN": {
        "precision": 0.45689655172413796,
        "recall": 0.9318681318681319,
        "f1-score": 0.6131597975415763,
        "support": 455.0
    },
    "UP": {
        "precision": 0.5633802816901409,
        "recall": 0.07352941176470588,
        "f1-score": 0.13008130081300814,
        "support": 544.0
    },
    "accuracy": 0.4644644644644645,
    "macro avg": {
        "precision": 0.5101384167071394,
        "recall": 0.5026987718164189,
        "f1-score": 0.37162054917729226,
        "support": 999.0
    },
    "weighted avg": {
        "precision": 0.5148816859598793,
        "recall": 0.4644644644644645,
        "f1-score": 0.3501020375612549,
        "support": 999.0
    }
}