{
    "R2": 0.3779660644668481,
    "RMSE": 82.86941390802603,
    "MSE": 6867.339761459738,
    "MAPE": 0.256931711792314,
    "ACMAPE": 1.321996776857379
}