{
    "DOWN": {
        "precision": 0.457233368532207,
        "recall": 0.9516483516483516,
        "f1-score": 0.6176890156918687,
        "support": 455.0
    },
    "UP": {
        "precision": 0.5769230769230769,
        "recall": 0.05514705882352941,
        "f1-score": 0.10067114093959731,
        "support": 544.0
    },
    "accuracy": 0.46346346346346345,
    "macro avg": {
        "precision": 0.5170782227276419,
        "recall": 0.5033977052359405,
        "f1-score": 0.359180078315733,
        "support": 999.0
    },
    "weighted avg": {
        "precision": 0.5224097462745826,
        "recall": 0.46346346346346345,
        "f1-score": 0.3361497525635047,
        "support": 999.0
    }
}