{
    "DOWN": {
        "precision": 0.493006993006993,
        "recall": 0.6362815884476535,
        "f1-score": 0.5555555555555556,
        "support": 1108.0
    },
    "UP": {
        "precision": 0.5085365853658537,
        "recall": 0.36514886164623467,
        "f1-score": 0.42507645259938837,
        "support": 1142.0
    },
    "accuracy": 0.49866666666666665,
    "macro avg": {
        "precision": 0.5007717891864234,
        "recall": 0.5007152250469441,
        "f1-score": 0.490316004077472,
        "support": 2250.0
    },
    "weighted avg": {
        "precision": 0.5008891238842459,
        "recall": 0.49866666666666665,
        "f1-score": 0.4893301619662476,
        "support": 2250.0
    }
}