{
    "DOWN": {
        "precision": 0.5051440329218106,
        "recall": 0.44394213381555153,
        "f1-score": 0.4725697786333012,
        "support": 1106.0
    },
    "UP": {
        "precision": 0.5168892380204242,
        "recall": 0.5776997366110623,
        "f1-score": 0.5456053067993366,
        "support": 1139.0
    },
    "accuracy": 0.5118040089086859,
    "macro avg": {
        "precision": 0.5110166354711174,
        "recall": 0.510820935213307,
        "f1-score": 0.5090875427163188,
        "support": 2245.0
    },
    "weighted avg": {
        "precision": 0.5111029588048043,
        "recall": 0.5118040089086859,
        "f1-score": 0.5096243294489423,
        "support": 2245.0
    }
}