{
    "R2": 0.9963273376710866,
    "RMSE": 0.46101170019136356,
    "MSE": 0.2125317877133317,
    "MAPE": 0.027759796686126537,
    "ACMAPE": 1.0041517788687546
}