{
    "DOWN": {
        "precision": 0.45769622833843016,
        "recall": 0.9868131868131869,
        "f1-score": 0.6253481894150417,
        "support": 455.0
    },
    "UP": {
        "precision": 0.6666666666666666,
        "recall": 0.022058823529411766,
        "f1-score": 0.042704626334519574,
        "support": 544.0
    },
    "accuracy": 0.46146146146146144,
    "macro avg": {
        "precision": 0.5621814475025484,
        "recall": 0.5044360051712993,
        "f1-score": 0.3340264078747806,
        "support": 999.0
    },
    "weighted avg": {
        "precision": 0.5714899405011535,
        "recall": 0.46146146146146144,
        "f1-score": 0.3080728157255482,
        "support": 999.0
    }
}