{
    "R2": 0.9757883203322455,
    "RMSE": 8.731345852742997,
    "MSE": 76.23640040021235,
    "MAPE": 8.599357923553578,
    "ACMAPE": 9.576118083828334
}