{
    "DOWN": {
        "precision": 0.5,
        "recall": 0.0006727965911639381,
        "f1-score": 0.001343784994400896,
        "support": 4459.0
    },
    "UP": {
        "precision": 0.48893221699736206,
        "recall": 0.9992967651195499,
        "f1-score": 0.6566037735849056,
        "support": 4266.0
    },
    "accuracy": 0.48893982808022923,
    "macro avg": {
        "precision": 0.494466108498681,
        "recall": 0.4999847808553569,
        "f1-score": 0.32897377928965327,
        "support": 8725.0
    },
    "weighted avg": {
        "precision": 0.4945885200814609,
        "recall": 0.48893982808022923,
        "f1-score": 0.3217264911636952,
        "support": 8725.0
    }
}