{
    "DOWN": {
        "precision": 0.46511627906976744,
        "recall": 0.9913793103448276,
        "f1-score": 0.6331727460426704,
        "support": 464.0
    },
    "UP": {
        "precision": 0.6,
        "recall": 0.011214953271028037,
        "f1-score": 0.02201834862385321,
        "support": 535.0
    },
    "accuracy": 0.46646646646646645,
    "macro avg": {
        "precision": 0.5325581395348837,
        "recall": 0.5012971318079278,
        "f1-score": 0.3275955473332618,
        "support": 999.0
    },
    "weighted avg": {
        "precision": 0.5373513047931653,
        "recall": 0.46646646646646645,
        "f1-score": 0.3058778485260866,
        "support": 999.0
    }
}