{
    "R2": 0.9980671365142192,
    "RMSE": 2.4682114621138767,
    "MSE": 6.092067821710321,
    "MAPE": 0.6959677281866706,
    "ACMAPE": 1.715004425434377
}