{
    "DOWN": {
        "precision": 0.5,
        "recall": 0.0006720430107526882,
        "f1-score": 0.0013422818791946308,
        "support": 4464.0
    },
    "UP": {
        "precision": 0.4886519944979367,
        "recall": 0.9992967651195499,
        "f1-score": 0.65635103926097,
        "support": 4266.0
    },
    "accuracy": 0.488659793814433,
    "macro avg": {
        "precision": 0.49432599724896836,
        "recall": 0.4999844040651513,
        "f1-score": 0.3288466605700823,
        "support": 8730.0
    },
    "weighted avg": {
        "precision": 0.4944546859711567,
        "recall": 0.488659793814433,
        "f1-score": 0.321418726208021,
        "support": 8730.0
    }
}