{
    "R2": 0.9908940895683914,
    "RMSE": 9.93714321544718,
    "MSE": 98.74681528430793,
    "MAPE": 0.02165331231963637,
    "ACMAPE": 1.0046362953026193
}