{
    "DOWN": {
        "precision": 0.4579710144927536,
        "recall": 0.34051724137931033,
        "f1-score": 0.39060568603213847,
        "support": 464.0
    },
    "UP": {
        "precision": 0.5321100917431193,
        "recall": 0.6504672897196262,
        "f1-score": 0.5853658536585366,
        "support": 535.0
    },
    "accuracy": 0.5065065065065065,
    "macro avg": {
        "precision": 0.4950405531179365,
        "recall": 0.49549226554946824,
        "f1-score": 0.4879857698453375,
        "support": 999.0
    },
    "weighted avg": {
        "precision": 0.4976751249321386,
        "recall": 0.5065065065065065,
        "f1-score": 0.49490667670293226,
        "support": 999.0
    }
}