{
    "R2": 0.9441274938035591,
    "RMSE": 24.614948874609397,
    "MSE": 605.8957080996344,
    "MAPE": 0.05528398914676342,
    "ACMAPE": 1.1223510562138306
}