{
    "R2": 0.9957085013074589,
    "RMSE": 3.676581908580562,
    "MSE": 13.517254530501889,
    "MAPE": 2.060389932264708,
    "ACMAPE": 3.083070344635842
}