{
    "R2": 0.9959057024059432,
    "RMSE": 3.591703451719555,
    "MSE": 12.900333685094164,
    "MAPE": 1.8403869589858317,
    "ACMAPE": 2.862507302825373
}