{
    "DOWN": {
        "precision": 0.4622356495468278,
        "recall": 0.3297413793103448,
        "f1-score": 0.3849056603773585,
        "support": 464.0
    },
    "UP": {
        "precision": 0.5344311377245509,
        "recall": 0.6672897196261682,
        "f1-score": 0.5935162094763091,
        "support": 535.0
    },
    "accuracy": 0.5105105105105106,
    "macro avg": {
        "precision": 0.4983333936356893,
        "recall": 0.4985155494682565,
        "f1-score": 0.4892109349268338,
        "support": 999.0
    },
    "weighted avg": {
        "precision": 0.5008988989713342,
        "recall": 0.5105105105105106,
        "f1-score": 0.49662402250742715,
        "support": 999.0
    }
}