{
    "R2": 0.9896893837910307,
    "RMSE": 10.574069793965037,
    "MSE": 111.81095200764382,
    "MAPE": 0.025064948418612672,
    "ACMAPE": 0.9700098933635576
}