{
    "DOWN": {
        "precision": 0.375,
        "recall": 0.0006743088334457181,
        "f1-score": 0.0013461969934933813,
        "support": 4449.0
    },
    "UP": {
        "precision": 0.489376363845182,
        "recall": 0.9988279418659165,
        "f1-score": 0.6569027981191705,
        "support": 4266.0
    },
    "accuracy": 0.48927137119908204,
    "macro avg": {
        "precision": 0.432188181922591,
        "recall": 0.49975112534968114,
        "f1-score": 0.32912449755633194,
        "support": 8715.0
    },
    "weighted avg": {
        "precision": 0.4309873285328223,
        "recall": 0.48927137119908204,
        "f1-score": 0.32224171740681967,
        "support": 8715.0
    }
}