{
    "R2": 0.9959068860600604,
    "RMSE": 3.592358500284441,
    "MSE": 12.905039594565876,
    "MAPE": 1.5598440368482007,
    "ACMAPE": 2.5813012944500366
}