{
    "DOWN": {
        "precision": 0.4852941176470588,
        "recall": 0.28448275862068967,
        "f1-score": 0.358695652173913,
        "support": 464.0
    },
    "UP": {
        "precision": 0.5433287482806052,
        "recall": 0.7383177570093458,
        "f1-score": 0.6259904912836766,
        "support": 535.0
    },
    "accuracy": 0.5275275275275275,
    "macro avg": {
        "precision": 0.514311432963832,
        "recall": 0.5114002578150177,
        "f1-score": 0.49234307172879477,
        "support": 999.0
    },
    "weighted avg": {
        "precision": 0.5163737246430021,
        "recall": 0.5275275275275275,
        "f1-score": 0.5018415369824452,
        "support": 999.0
    }
}