{
    "DOWN": {
        "precision": 0.46564885496183206,
        "recall": 0.39439655172413796,
        "f1-score": 0.427071178529755,
        "support": 464.0
    },
    "UP": {
        "precision": 0.5363036303630363,
        "recall": 0.6074766355140186,
        "f1-score": 0.5696757230499561,
        "support": 535.0
    },
    "accuracy": 0.5085085085085085,
    "macro avg": {
        "precision": 0.5009762426624342,
        "recall": 0.5009365936190783,
        "f1-score": 0.4983734507898555,
        "support": 999.0
    },
    "weighted avg": {
        "precision": 0.503486997944459,
        "recall": 0.5085085085085085,
        "f1-score": 0.503440979649182,
        "support": 999.0
    }
}