{
    "R2": 0.9900296118228947,
    "RMSE": 10.398145625598733,
    "MSE": 108.12143245115807,
    "MAPE": 0.023985526964421383,
    "ACMAPE": 1.0029645059434003
}