{
    "DOWN": {
        "precision": 0.5115666513971598,
        "recall": 0.9997761862130707,
        "f1-score": 0.6768181818181819,
        "support": 4468.0
    },
    "UP": {
        "precision": 0.6666666666666666,
        "recall": 0.00046871338176704945,
        "f1-score": 0.000936768149882904,
        "support": 4267.0
    },
    "accuracy": 0.5116199198626217,
    "macro avg": {
        "precision": 0.5891166590319132,
        "recall": 0.5001224497974189,
        "f1-score": 0.33887747498403237,
        "support": 8735.0
    },
    "weighted avg": {
        "precision": 0.5873321654389441,
        "recall": 0.5116199198626217,
        "f1-score": 0.3466537866123855,
        "support": 8735.0
    }
}