{
    "R2": 0.9899994558447207,
    "RMSE": 10.413858630214627,
    "MSE": 108.44845157009564,
    "MAPE": 0.023864919486873377,
    "ACMAPE": 1.0108519064738604
}