{
    "DOWN": {
        "precision": 0.5369127516778524,
        "recall": 0.01796138302649304,
        "f1-score": 0.03475993917010645,
        "support": 4454.0
    },
    "UP": {
        "precision": 0.4896744837241862,
        "recall": 0.9838255977496484,
        "f1-score": 0.653891096050479,
        "support": 4266.0
    },
    "accuracy": 0.4904816513761468,
    "macro avg": {
        "precision": 0.5132936177010192,
        "recall": 0.5008934903880707,
        "f1-score": 0.34432551761029273,
        "support": 8720.0
    },
    "weighted avg": {
        "precision": 0.5138028375619877,
        "recall": 0.4904816513761468,
        "f1-score": 0.33765139734116945,
        "support": 8720.0
    }
}