{
    "R2": 0.9905819710856273,
    "RMSE": 2.463780659562209,
    "MSE": 6.070215138432795,
    "MAPE": 0.03362064988870854,
    "ACMAPE": 1.0546416709097297
}