{
    "DOWN": {
        "precision": 0.5206862584140535,
        "recall": 0.855082232407657,
        "f1-score": 0.6472448979591836,
        "support": 7418.0
    },
    "UP": {
        "precision": 0.5272647317502199,
        "recall": 0.17036089798238135,
        "f1-score": 0.25751718213058417,
        "support": 7038.0
    },
    "accuracy": 0.521721084670725,
    "macro avg": {
        "precision": 0.5239754950821367,
        "recall": 0.5127215651950192,
        "f1-score": 0.4523810400448839,
        "support": 14456.0
    },
    "weighted avg": {
        "precision": 0.5238890320263901,
        "recall": 0.521721084670725,
        "f1-score": 0.4575033606043356,
        "support": 14456.0
    }
}