{
    "DOWN": {
        "precision": 0.4989495798319328,
        "recall": 0.9557344064386318,
        "f1-score": 0.655624568668047,
        "support": 497.0
    },
    "UP": {
        "precision": 0.5319148936170213,
        "recall": 0.049800796812749,
        "f1-score": 0.09107468123861567,
        "support": 502.0
    },
    "accuracy": 0.5005005005005005,
    "macro avg": {
        "precision": 0.515432236724477,
        "recall": 0.5027676016256905,
        "f1-score": 0.37334962495333135,
        "support": 999.0
    },
    "weighted avg": {
        "precision": 0.51551473250472,
        "recall": 0.5005005005005005,
        "f1-score": 0.37193683744725164,
        "support": 999.0
    }
}