{
    "R2": 0.9978417659169966,
    "RMSE": 1.0090885787758792,
    "MSE": 1.0182597598159238,
    "MAPE": 1.3325540632562751,
    "ACMAPE": 2.2775907516129137
}