{
    "DOWN": {
        "precision": 0.530757180156658,
        "recall": 0.6853674983142279,
        "f1-score": 0.598234255444379,
        "support": 7415.0
    },
    "UP": {
        "precision": 0.5210429070006158,
        "recall": 0.3609728345896743,
        "f1-score": 0.426482944043018,
        "support": 7031.0
    },
    "accuracy": 0.5274816558216807,
    "macro avg": {
        "precision": 0.525900043578637,
        "recall": 0.5231701664519511,
        "f1-score": 0.5123585997436986,
        "support": 14446.0
    },
    "weighted avg": {
        "precision": 0.5260291547821506,
        "recall": 0.5274816558216807,
        "f1-score": 0.5146413251894317,
        "support": 14446.0
    }
}