{
    "R2": 0.9898404229955307,
    "RMSE": 2.5589384810019724,
    "MSE": 6.548166149552682,
    "MAPE": 0.02934074575382732,
    "ACMAPE": 1.0623737787868603
}