{
    "DOWN": {
        "precision": 0.4819734345351044,
        "recall": 0.5110663983903421,
        "f1-score": 0.49609375000000006,
        "support": 497.0
    },
    "UP": {
        "precision": 0.4851694915254237,
        "recall": 0.45617529880478086,
        "f1-score": 0.4702258726899384,
        "support": 502.0
    },
    "accuracy": 0.48348348348348347,
    "macro avg": {
        "precision": 0.48357146303026405,
        "recall": 0.4836208485975615,
        "f1-score": 0.4831598113449692,
        "support": 999.0
    },
    "weighted avg": {
        "precision": 0.48357946117088046,
        "recall": 0.48348348348348347,
        "f1-score": 0.4830950769172664,
        "support": 999.0
    }
}