{
    "R2": 0.9983516912825863,
    "RMSE": 0.8817334721215836,
    "MSE": 0.7774539158595833,
    "MAPE": 1.4309109933625968,
    "ACMAPE": 2.3874688240211466
}