{
    "R2": 0.9901486806387932,
    "RMSE": 2.519818332038733,
    "MSE": 6.349484426478463,
    "MAPE": 0.02890365633021716,
    "ACMAPE": 1.0639386913652522
}