{
    "DOWN": {
        "precision": 0.4810606060606061,
        "recall": 0.5110663983903421,
        "f1-score": 0.49560975609756097,
        "support": 497.0
    },
    "UP": {
        "precision": 0.4840764331210191,
        "recall": 0.4541832669322709,
        "f1-score": 0.46865364850976365,
        "support": 502.0
    },
    "accuracy": 0.4824824824824825,
    "macro avg": {
        "precision": 0.4825685195908126,
        "recall": 0.4826248326613065,
        "f1-score": 0.4821317023036623,
        "support": 999.0
    },
    "weighted avg": {
        "precision": 0.4825760667055784,
        "recall": 0.4824824824824825,
        "f1-score": 0.4820642445769661,
        "support": 999.0
    }
}