{
    "DOWN": {
        "precision": 0.48825065274151436,
        "recall": 0.3762575452716298,
        "f1-score": 0.42500000000000004,
        "support": 497.0
    },
    "UP": {
        "precision": 0.4967532467532468,
        "recall": 0.6095617529880478,
        "f1-score": 0.5474060822898033,
        "support": 502.0
    },
    "accuracy": 0.4934934934934935,
    "macro avg": {
        "precision": 0.4925019497473806,
        "recall": 0.4929096491298388,
        "f1-score": 0.48620304114490165,
        "support": 999.0
    },
    "weighted avg": {
        "precision": 0.49252322751017275,
        "recall": 0.4934934934934935,
        "f1-score": 0.4865093626721534,
        "support": 999.0
    }
}