{
    "R2": 0.9606327500635535,
    "RMSE": 5.037204361905448,
    "MSE": 25.373427783599272,
    "MAPE": 0.05794685418169995,
    "ACMAPE": 1.0569458531806988
}