{
    "R2": 0.9912824103992631,
    "RMSE": 2.3703923775578093,
    "MSE": 5.618760023584165,
    "MAPE": 0.029311755330243727,
    "ACMAPE": 1.0423247683432568
}