{
    "R2": 0.9983061636280367,
    "RMSE": 0.8938914146881901,
    "MSE": 0.7990418612532538,
    "MAPE": 1.4799014521907072,
    "ACMAPE": 2.4355446602731927
}