{
    "DOWN": {
        "precision": 0.5135473984815769,
        "recall": 0.9935318690203476,
        "f1-score": 0.6771053356598402,
        "support": 7421.0
    },
    "UP": {
        "precision": 0.5384615384615384,
        "recall": 0.007954545454545454,
        "f1-score": 0.015677491601343782,
        "support": 7040.0
    },
    "accuracy": 0.5137265749256621,
    "macro avg": {
        "precision": 0.5260044684715577,
        "recall": 0.5007432072374466,
        "f1-score": 0.346391413630592,
        "support": 14461.0
    },
    "weighted avg": {
        "precision": 0.5256762654658055,
        "recall": 0.5137265749256621,
        "f1-score": 0.3551046426115161,
        "support": 14461.0
    }
}