{
    "DOWN": {
        "precision": 0.5277354601666816,
        "recall": 0.7943080658214189,
        "f1-score": 0.6341463414634146,
        "support": 7414.0
    },
    "UP": {
        "precision": 0.5353443022547227,
        "recall": 0.25003557705991175,
        "f1-score": 0.34086720341449217,
        "support": 7027.0
    },
    "accuracy": 0.5294647185097985,
    "macro avg": {
        "precision": 0.5315398812107022,
        "recall": 0.5221718214406653,
        "f1-score": 0.4875067724389534,
        "support": 14441.0
    },
    "weighted avg": {
        "precision": 0.5314379276795038,
        "recall": 0.5294647185097985,
        "f1-score": 0.491436521986247,
        "support": 14441.0
    }
}