{
    "DOWN": {
        "precision": 0.47058823529411764,
        "recall": 0.20925553319919518,
        "f1-score": 0.28969359331476324,
        "support": 497.0
    },
    "UP": {
        "precision": 0.4948586118251928,
        "recall": 0.7669322709163346,
        "f1-score": 0.6015625,
        "support": 502.0
    },
    "accuracy": 0.4894894894894895,
    "macro avg": {
        "precision": 0.48272342355965525,
        "recall": 0.48809390205776493,
        "f1-score": 0.44562804665738165,
        "support": 999.0
    },
    "weighted avg": {
        "precision": 0.4827841602376609,
        "recall": 0.4894894894894895,
        "f1-score": 0.44640849937681415,
        "support": 999.0
    }
}