{
    "R2": 0.9982351667852026,
    "RMSE": 0.9125629821887332,
    "MSE": 0.8327711964611942,
    "MAPE": 1.4635466011061975,
    "ACMAPE": 2.4046171640866003
}