{
    "DOWN": {
        "precision": 0.5207639171068671,
        "recall": 0.8640776699029126,
        "f1-score": 0.6498656254753815,
        "support": 7416.0
    },
    "UP": {
        "precision": 0.5302889095992545,
        "recall": 0.1617626154939588,
        "f1-score": 0.24790327850996627,
        "support": 7035.0
    },
    "accuracy": 0.5221783959587571,
    "macro avg": {
        "precision": 0.5255264133530608,
        "recall": 0.5129201426984357,
        "f1-score": 0.4488844519926739,
        "support": 14451.0
    },
    "weighted avg": {
        "precision": 0.5254008503422103,
        "recall": 0.5221783959587571,
        "f1-score": 0.45418331207826734,
        "support": 14451.0
    }
}