{
    "R2": 0.9908404373261488,
    "RMSE": 2.0783774392244885,
    "MSE": 4.319652779877343,
    "MAPE": 2.535153151865285,
    "ACMAPE": 3.507700002013961
}